:020000041000EA
:1000000000B5324B212058609868022188439860DF
:10001000D860186158612E4B002199600221596106
:100020000121F02299502B49196001219960352056
:1000300000F044F80222904214D00621196600F024
:1000400034F8196E01211966002018661A6600F04E
:100050002CF8196E196E196E052000F02FF8012189
:100060000842F9D1002199601B49196000215960AB
:100070001A491B48016001219960EB211966A021F2
:10008000196600F012F800219960164914480160C1
:100090000121996001BC002800D000471248134993
:1000A000086003C880F30888084703B5996A0420EC
:1000B0000142FBD001200142F8D103BD02B5186610
:1000C0001866FFF7F2FF186E186E02BD00000240BE
:1000D000000000180000070000035F00212200005C
:1000E000F4000018222000A00001001008ED00E03C
:1000F00000000000000000000000000074B24E7A12
:1001000000200420F7010010C3010010C5010010F9
:10011000C1010010C1010010C1010010C101001097
:10012000C1010010C1010010C1010010C701001081
:10013000C1010010C1010010C9010010CB01001065
:10014000CD010010CD010010CD010010CD01001037
:10015000CD010010CD010010CD010010CD01001027
:10016000CD010010CD010010CD010010CD01001017
:10017000CD010010CD010010CD010010CD01001007
:10018000CD010010CD010010CD010010CD010010F7
:10019000CD010010CD010010CD010010CD010010E7
:1001A000CD010010CD010010CD010010CD010010D7
:1001B000CD010010CD010010CD010010CD010010C7
:1001C00000BE00BE00BE00BE00BE00BEEFF3058054
:1001D000103800BEF2EB887140120110601201105D
:1001E0003802001090A31AE71E481F49086006C88D
:1001F00081F3088810471D480068002801D019487D
:10020000F3E70DA40ECC002902D000F012F8F9E7B4
:100210001749184A002000E001C19142FCD116495B
:100220008847164988471649884700BEFDE701C937
:1002300001C29A42FBD3704760120110C000002037
:10024000D0160020702801100000042000000420B7
:10025000702801100010042000100420000000008D
:10026000704700000000000008ED00E0000000D032
:10027000D016002074290020C1470010210300106F
:1002800081470010F8B5C0460448054B10B58342BD
:1002900003D0044B002B00D0984710BDD01600208F
:1002A000D01600200000000006480749091A8B10EC
:1002B000C90FC91810B5491003D0044B002B00D04A
:1002C000984710BDD0160020D01600200000000076
:1002D00010B5074C2378002B09D1FFF7D5FF054B4C
:1002E000002B02D0044800E000BF0123237010BDA2
:1002F000881A00200000000040F30010054B10B5E4
:10030000002B03D00449054800E000BFFFF7CCFFF5
:1003100010BDC046000000008C1A002040F3001001
:10032000F0B5DE46454657464E46E0B5BDB004F052
:10033000BBFB9A4D02222B6800219868002307F02E
:100340005FFAFA20C00001F035FA00F0E1F900F0A0
:10035000E9F900F03DFA00F0A5FAFA20C00001F03A
:1003600029FA00F0A7FAFA20C00001F023FA8C4B1A
:100370009B468C4B04938C4B08938C4B09938C4B72
:1003800006938C4B079300F0B5FA00F0A3F9041E16
:1003900014D0433C0100E4B2584604F09BFC102CFE
:1003A00003D8049BA4001B599F46089804F00AFC3C
:1003B00000F0A0FA00F08EF9041EEAD17E4804F0A5
:1003C00001FCE0E700F0A4F97C4804F0FBFB2B689B
:1003D000986807F0EDF92B6840215A681CA807F0CF
:1003E00019FB002800D1CFE00A211CA807F0C4F8AF
:1003F000002800D1CCE0002303702CAC704804F03E
:1004000069FC21001CA800F007F92378002B03D118
:100410006C4804F0D7FBB6E76B4804F05BFC2000A7
:1004200000F022F9694804F0CDFB694B694F9A4608
:10043000694B6A4E99466A4B98466A4B03936A4BDE
:100440000593504604F0BEFB484604F0BBFB404613
:1004500004F0B8FB380004F0B5FB300004F0B2FB48
:10046000039804F037FC00F035F904000100584609
:1004700004F030FC332C56D04BD8312C50D0322CD9
:100480004AD15A4804F026FC2B6840215A680CA82F
:1004900007F0C0FA00285FD02CAB009345491CAB95
:1004A0000BAA0CA807F014F8032867D0504804F0F2
:1004B00089FBC6E700F084F94E4804F083FB62E74D
:1004C000099804F007FC00F005F904000100584603
:1004D00004F000FC200000F015F9002800D152E7DC
:1004E00000F016F900F074F9434804F06BFB4AE79A
:1004F000424804F067FB00203DB0F0BCBB46B2466A
:10050000A946A046F0BD00F053F93D4804F05AFB5F
:1005100039E7342C00D136E7059804F053FB90E717
:1005200000F060F98DE7069804F0D4FB2B684021B9
:100530005A680CA807F06EFA00280DD02CAB009377
:1005400007991CAB0BAA0CA806F0C2FF032807D022
:100550002C4804F037FB74E72B4804F033FB70E7BA
:1005600000F0F8F82C9A1C990B9800F0F3F82C9BEB
:100570001C9A0B99254804F0ADFB62E72C9A1C9954
:100580000B9800F0D7F85CE7214804F01BFBFAE673
:10059000204804F017FB00F05DF82EE7181000204B
:1005A00064F30010FCFB001094F6001020F600101D
:1005B0002CF5001004F5001040F3001068F3001053
:1005C000E8F30010FCF3001038F40010ECF7001012
:1005D00044F4001088F4001060F40010A0F400103F
:1005E00074F40010B8F40010B4F50010C4F4001056
:1005F00010F50010FCF5001050F6001070F6001019
:10060000D8F5001090F50010F4F4001070F500100B
:1006100080F30010A8F30010F0B50378002B14D07D
:10062000002503240A4F01302600FA5C16401442CC
:1006300005D0022E01D1203BDBB24B5501350130F4
:10064000431E1B78002BEFD1491900230B70F0BD1E
:100650005D07011010B501E0013003D004F028FA65
:100660000A28F9D110BDC04670B503780600002BEA
:1006700026D004001D00413DEAB2192A24D800F01A
:1006800097F9280000F006F90021413800F0CAF976
:10069000012100F0C7F9022100F0C4F900F024FAAA
:1006A000022100F0EBF9012100F0E8F9002100F04F
:1006B000E5F900F0EFF8207063780134002BD9D110
:1006C000300004F07FFA70BD237063780134002B92
:1006D000D0D1F5E710B582B06B46DC1D210007488C
:1006E00009F010FB064B20781A5C03231340022B01
:1006F00001D12038C0B202B010BDC046C4F700100E
:100700005D070110202398435938434258417047F0
:1007100010B500F01FF9024804F054FA10BDC046AD
:10072000D0F6001010B5024804F04CFA10BDC046D7
:10073000F4F6001070B50D001600040000F024F966
:1007400033002A002100024804F0C4FA70BDC046FC
:100750000CF7001000B5124885B004F0BBFA114840
:1007600003AB02AA01A909F0CDFA03280BD00E4869
:1007700004F028FA01E0013003D004F099F90A28C6
:10078000F9D105B000BD039A0299019800F006F96D
:10079000039B029A0199054804F09CFAF1E7C046D0
:1007A0002CF5001004F5001090F5001070F5001005
:1007B00010B5024804F006FA10BDC0462CF7001030
:1007C00010B5024804F0FEF910BDC04658F70010FD
:1007D0000023034A08C201331A2BFBD17047C046DD
:1007E000C828002070B5254882B004F0EBF96B46AC
:1007F0002348DA1D991D09F085FA6B4603229B797F
:100800002048C15C0A401900022A04D1203B1A008A
:10081000FF21DBB211406A469371D379C45C032097
:100820001A002040022804D1203B203AFD30DBB2E0
:1008300002406846C3710B00413B192B13D81000CE
:10084000413819280FD8104C9B0080001D590659BB
:100850001E5105510D4804F03DFA04F029F90A280B
:1008600005D102B070BD0A4804F0ACF901E00130D6
:10087000F7D004F01DF90A28F9D1F2E780F700104B
:10088000C0F700105D070110C8280020C8F700104D
:10089000F0F70010024B8000C0584130C0B27047E2
:1008A000C828002010B5024804F08CF910BDC046DD
:1008B0000CF8001070B50A2004F038F90A4C20003A
:1008C00004F080F9094D280004F07CF9084804F090
:1008D00079F9280004F076F9200004F073F90A2071
:1008E00004F024F970BDC04634F8001060F8001020
:1008F0008CF8001010B50E4804F064F90D4804F0AF
:1009000061F90D4804F05EF90C4804F05BF90C48FD
:1009100004F058F90B4804F055F90B4804F052F96B
:100920000A4804F04FF90A4804F0D4F910BDC04653
:10093000B8F80010CCF80010E0F80010F4F800103F
:1009400024F9001048F9001068F900108CF9001023
:1009500098F900100020002110B5084A084C1060DA
:1009600051602060616000200121064B18605960D1
:10097000002191600222A1609A6010BD78180020C9
:100980005818002068180020034B01380139013A3B
:10099000186059609A60704768180020034B01384E
:1009A0000139013A186059609A6070475818002060
:1009B000F0B5194D46462B68D6469846174B184C4D
:1009C0009A465B684F469B001B59C0B59946434603
:1009D0001A21581C01F0BCFA1A3108001A2101F042
:1009E000B7FA53461B680E009B001B596F68984569
:1009F00007D04F4505D02E60E0BCBA46B146A846A8
:100A0000F0BD1A21781C01F0A3FA1A3108001A214E
:100A100001F09EFA6960EEE778180020681800205F
:100A2000A8FC0010F8B5114B8900CE58104B801966
:100A3000CD58104B401BCF581A2101F089FA1A31BA
:100A400008001A2101F084FA1A237B430A4C5B1830
:100A50009B0018591A21801B401901F079FA1A31AC
:100A600008001A2101F074FA0800F8BD7818002077
:100A70005818002068180020BCFC0010164B70B5F8
:100A80008E00F558154B4019F4581A21001B01F03F
:100A90005FFA1A3108001A2101F05AFA104BF25885
:100AA00068235A430F4BD218002303E0013304326A
:100AB0001A2B0ED010688142F8D1581B00191A2148
:100AC00001F046FA1A3108001A2101F041FA080033
:100AD00070BD0023F1E7C0467818002058180020A8
:100AE00068180020BCFC0010014B8000C058704703
:100AF00040FC00108023DB051868000F7047C046DB
:100B00000FB400B5084883B004F05CF8049B002BD8
:100B100007D005A91800019103F0C8FD034804F0AF
:100B200051F8012003F0DAFDACF90010ECF70010E9
:100B300070B5EFF3108C72B60D4D2B68002BFCD006
:100B4000BFF35F8F0724CB08C618C05C01230C409D
:100B5000A3401C000440034207D118433070BFF388
:100B60005F8F2C608CF3108870BD1000FFF7C8FFFA
:100B70002C0100D0F8B54746CE46884680B5EFF345
:100B8000108C72B6214D2C68002CFCD0BFF35F8F07
:100B90009A422CD8D4080727055D0619012417406E
:100BA000BC402C421FD007210127894609E0D40808
:100BB000055D06194C4639001440A1400C0029423D
:100BC00011D001329342F2D201204042BFF35F8F35
:100BD00000220E4B1A608CF3108800280FDBC0BC7B
:100BE000B946B046F8BD254310003570EEE7BFF3B7
:100BF0005F8F00232B608CF3108801204042434616
:100C0000002BECD00898FFF77BFFC0462C0100D0EA
:100C1000044A1078431CDBB2172B00D91023137041
:100C20007047C046500F002010B5064B064C82B0EE
:100C30000100009318221F232000FFF79BFF02B042
:100C400010BDC046BCF900104C2400200021044B0C
:100C5000044ABFF35F8F02C39342FAD17047C04684
:100C6000000100D0800100D0054B064A1360064AFF
:100C7000136053609360D360136153619361704755
:100C80008080808000E400E004E400E01F2318403E
:100C90001E3B8340002905D0C021044A490053501F
:100CA00013607047802201498B50FAE700E100E0B1
:100CB00001228240034B1B6813405A1E9341D8B255
:100CC0007047C04600E100E001238340014A136001
:100CD0007047C04600E200E0064B10309B68800081
:100CE000C358054A00209B1A2F229A424041C0B2A5
:100CF0007047C04600ED00E0540F002070B50D00B5
:100D0000EFF3108672B60F4A1368002BFCD0BFF3C6
:100D10005F8F0D4B10309B6884001B590B4A934228
:100D200003D09D4201D001F035F8074B9B681D515F
:100D3000BFF35F8FBFF35F8F0022024B1A6086F311
:100D4000108870BD240100D000ED00E0CD0100103E
:100D5000F0B557464E46DE464546E0B585B006003E
:100D600000911700EFF3108B72B66A4A1368002BDC
:100D7000FCD0BFF35F8F0025674B5D579A46002D6F
:100D800000DAA9E06B00654C01935B199B00984663
:100D9000A146C1444B4652469B7910361370604BB6
:100DA000B6009B6899590B1B2F2B33D95D4B994289
:100DB00000D0ACE0019B42469C465B4B6544AD00D5
:100DC00063535A4B0232A218043B9B1A1B05584A24
:100DD0005B0D651913436B80564B0121AB80FF23DC
:100DE000AB71009BEF71AB604B460B4319004C4B52
:100DF0009B689951BFF35F8FBFF35F8F0022454B14
:100E00001A608BF3108805B0F0BCBB46B246A94609
:100E1000A046F0BD01200A008243D3798C46BB4234
:100E200031D84546130044491B1B5B415943090D0A
:100E30003D4B63533D4B02356519043B5B1B1B0562
:100E40003B4D5B0D2B43AA464D466B800425AC46BB
:100E50005546E044131F44441B1B1B055B0D1D43FB
:100E60004B46997100999D8099604946DF71334BDB
:100E700001431360BBE75800C01880002018C179F7
:100E8000B9422FD902000623D356002BF3DA02937E
:100E90002B4B61460393131D9A4604235B429C46E9
:100EA000E14450464B461B1A1B055B0D9C46204BEC
:100EB000957198466346404603439380019B5A19B7
:100EC0009200039BA418A380029B1C4AA371009B61
:100ED0002260E771A3608AE700F05CFF00255346BB
:100EE0005D574FE7908802934005131D9A460315FE
:100EF00061469C464046D444634604302018181A84
:100F0000E0230005400D1B0218430390C5E700F0E5
:100F100041FF4FE7240100D06D290020540F00202D
:100F200000ED00E0CD01001000A1FFFF840F0020C4
:100F300000E0FFFF01BDFFFFAAAA000001488047B3
:100F400001BD000070B501240443EFF30581EFF308
:100F5000108C72B6214A1368002BFCD0BFF35F8F50
:100F60001F4B05001F4AED1A6D416A43120D1E4DBD
:100F70008900AE6852B27658A6421CD00621595656
:100F800091421CD012215956914222D01E2159560D
:100F9000914220D02A2159560324914210D0134B5C
:100FA00019781A708171BFF35F8F00220B4B1A60A2
:100FB0008CF3108870BDAB680D4C5C50EFE70024DB
:100FC0006100091989005B18FF219971094999800D
:100FD000E5E70124F4E70224F2E7C046240100D04B
:100FE000540F0020AAAA000000ED00E06D290020A7
:100FF000CD01001001BDFFFF10B5084B084C82B0B9
:1010000001000093002205232000FFF7B3FD002814
:1010100001DB1F23181A02B010BDC046D8F900101A
:1010200071290020024B9C46614489000160704791
:101030004000003470B5114C114DAC420FD2FF2668
:101040002368002B0CD0FFF7E3FD01002000FFF721
:10105000E9FFA680BFF35F8F0834AC42F0D370BDC8
:10106000FFF7D6FD01002000FFF7DCFF2671BFF37C
:101070005F8F0834AC42E3D3F1E7C046C8160020C6
:10108000D016002010B50400FFF7C2FD01002000BB
:10109000FFF7C8FFFF232371BFF35F8F10BDC0466A
:1010A00010B504000120FFF7BFFD034BC3189B00E0
:1010B0002360BFF35F8F10BD40000034034B9C469C
:1010C000614489000160BFF35F8F704740000034C6
:1010D0000A4B1968EFF3108072B60A68002AFCD038
:1010E000BFF35F8F1B68BFF35F8F00221A6080F32E
:1010F000108840BF002000217047C0464C290020C6
:10110000F0B5DE4657464E464546E0B583B0EFF3B0
:10111000058203231340B54A990052580091904626
:1011200001229A409346B24B1A60B24B01935B4640
:10113000B1484363434608229B5E9946002B3ADA46
:1011400043469B881BB2002B00DB9DE043469B7906
:10115000002B00D0E1E0434608241C5F002C20DB7C
:1011600043465A6963001B19DB00D3189D68DC688D
:101170006B1C00D103E1A048009984466144826A57
:101180000B69AE1A9B1A9E4213D35A46036A1A423F
:101190000FD0994800F0B0FB8C4202DCC7D18542E9
:1011A000C5D940BF03B0F0BCBB46B246A946A04675
:1011B000F0BD0D61EDE7424652695B0092464B443B
:1011C000DB009A4453469E68DF6800F095FB8F422F
:1011D000B6DC00D1F8E0002F00DAD9E052465346E1
:1011E00054691B69019A934200D1CCE041465246B2
:1011F0000820085E5288000421001043984704002C
:101200000D0023002B4300D1C2E0002D00DBDFE006
:1012100030003900001BA94153469860D960002274
:101220009A5E002A00DA8BE743465D6953009C18FA
:10123000E4002C19A768E4688C4200DD80E702D145
:10124000874200D97CE74646328108360DE08C4261
:1012500000D1C6E01E000023F25E002A0ADB530024
:101260009C18E4002C19A768E4689B18DB00EB18B5
:101270008C42ECDD53461A804B46338043469B88B4
:101280001BB2002B00DA61E743461A69EFF31081C5
:1012900072B61368002BFCD0BFF35F8F43469E8865
:1012A000012342465B42938036B21369BFF35F8FDE
:1012B00000221A6081F31088002E00DA46E74346C8
:1012C0005D69083342469C467700BF19FF00EF195D
:1012D000BB68604698460823D15E9246FC680029A8
:1012E00007DA0EE0A24246D018000023C15E0029B2
:1012F00006DB4B005B18DB00EB18DA68A242F1DD7D
:10130000524606800023FE5E3980002EDCDA9046CD
:1013100043469B79002B00D11DE700234246937181
:10132000434646460821595E08364B1C00D138E733
:1013300047468946556902E006004B1C18D04B0011
:101340005B18DB00E8180A008C46E95E43881BB294
:10135000002BF1DA01235B42DC178360C4604A454D
:1013600003D031803B8903803A81E1464B1CE6D1B2
:10137000B8464C46F2E69A684245B5D9C0E7631CC8
:1013800000D0F8E605E7200023699847002825D11A
:10139000534642461B8813811269EFF3108372B6DD
:1013A00011680029FCD0BFF35F8F42465146528836
:1013B0000A804246494651801269BFF35F8F00217F
:1013C000116083F31088BBE6864200D803E7B7E6D6
:1013D000094800F091FA001969411DE76568246821
:1013E0000FE7874200D835E744E7C04630290020A0
:1013F0003C700540011100100040054070B52E4CB6
:101400002569002D04D00A212C48FFF70BFE70BD82
:101410002B4E0321300000F065FAE660FFF7F8FB81
:10142000284B03229C46D02322701B061B680121F7
:101430006370254B6044A3600F238000206102206D
:10144000638063694942A18019800231198647315E
:101450001D83585218315A5275325C3999521832DC
:101460000131995218320131995218320131995291
:10147000083518329D520231183299521832013112
:101480009952183201319952183201319952183259
:10149000013199521832013199520C4B0C49DC60E0
:1014A00001303562FFF72AFC01210320FFF7EEFB34
:1014B000084B1D60A7E7C0469C0F00204C29002068
:1014C0000040054040000034FFFF1000302900209C
:1014D0000111001038600540004870479C0F002043
:1014E000F8B51F0008AB1B7804001600002B08D1CC
:1014F00000F00AFA32003B00121A8B41002B00DA8E
:1015000053E02269EFF3108072B61368002BFCD011
:10151000BFF35F8F0223E15E63694A005218D20075
:101520009B18002937DB1A8862802269BFF35F8F1E
:101530000025156080F31088069A9E60DF601A61AE
:10154000079A5A615A8801325204520C101C002A20
:101550001FD082B25880080410432669EFF3108729
:1015600072B63268002AFCD0BFF35F8FA2881A805F
:10157000A1802369BFF35F8F00221A6087F3108870
:101580000B4923788C4601329A40E36863441A6021
:10159000F8BD0120DDE72369BFF35F8F00221A60E9
:1015A00080F3108801204042F2E70020F0E7C046B7
:1015B0003C20000070B501000469EFF3108C72B696
:1015C00020680028FCD0BFF35F8F02200D5E4C69BD
:1015D00068004019C0002418002D37DB208848809F
:1015E0000869BFF35F8F002606608CF31088E36004
:1015F00063880498013320615B0405985B0CA2604A
:1016000060611A1C002B1FD093B22804628018431B
:101610000A69EFF3108C72B61368002BFCD0BFF38D
:101620005F8F8B8823808D800B69BFF35F8F0022D3
:101630001A608CF310880B7801329A40CB68084905
:101640008C4663441A6070BD0122DDE70B69BFF36D
:101650005F8F00221A608CF3108801204042F2E76D
:101660003C20000010B543890A1493421ADD530050
:101670009B184269DB00D3180469EFF3108C72B633
:101680002268002AFCD0BFF35F8F5A88090494B205
:10169000090C8A4208D00369BFF35F8F00221A60E9
:1016A0008CF31088002010BD8022120214435C804D
:1016B000012302698371BFF35F8F002111608CF3F6
:1016C0001088044902788C469340C2680120624425
:1016D0001360E8E73C20000040787047F0B5040054
:1016E0000D0006267642F717C64636196F4100B53B
:1016F00082B08F4214D811D000F006F932003B00BE
:10170000121A8B41002B17DC002B47D02000290038
:1017100000F038F902B080BCB846F0BD8642EBD983
:101720000022002316001F0000F0EEF832003B00FC
:10173000121A8B41002BE7DD00F0E6F832003B0087
:10174000121A8B41002B0ADB00230193154B320048
:10175000009315483B00FFF72DFF0028D6DB002340
:101760009C46B046114A124E736A9F4204D8B16A31
:101770008845CBD99F42C9D11168EFF3108072B66A
:101780000B68002BFCD0BFF35F8F1368BFF35F8F34
:101790006146196080F3108820BFE5E7002AB5D0C4
:1017A000CAE7C046D11000109C0F00204C29002031
:1017B0000040054070B5060000F0A6F8FA220400CB
:1017C0000D00002330000021920001F0DBFA80239D
:1017D000001969411B06994202D301200249404287
:1017E000FFF77CFF70BDC046FFFFFF7FF0B5D64618
:1017F0004F464646C0B504000D0082B0EFF30587A2
:101800008946002F0ED0344900204B6AAB4203D3E7
:101810008A6A0130A24226D302B0E0BCBA46B14681
:10182000A846F0BD2D4B9846DB689A464346504685
:101830001E7800F061F80B00514602000436B60035
:10184000715820008E1A2900801A99418F4211DCAC
:101850000ED020BF204A0020536A4B45DCD3926A49
:101860000130A242D8D25B1B5A1E9341D8B2D3E7B3
:101870008642EED900F048F822002B00121A8B4164
:10188000002B1ADB00230193154B220000934046E6
:101890002B00FFF78FFE011E0FDD0F4B5A6A4A45E2
:1018A00017D39B6AA34212D34046FFF7DBFE0A4AD6
:1018B0000020536A4B45AFD3D1E7074A0020536A53
:1018C0004B45A9D3926A0120A242A5D2CBE74A4553
:1018D000EAD120BFE8E7C046004005409C0F002049
:1018E000D110001010B5024A0248FFF721F910BDCF
:1018F000F4F90010502400200300416A0A00986A9D
:10190000596A8A42FAD17047034B596A0A00986AA9
:10191000596A9142FAD170470040054070B5040001
:101920000D00174A536A1900966A536A8B42FAD11E
:101930003000190024184D41AB4216D813D0104A7C
:101940002B00526A954203D90D494A6A9A42FCD348
:101950009A4207D10A4A02E0516A994202D1916A39
:10196000A142F9D370BDA642E9D9054B5B6A1C00C0
:101970005A1CEFD0012301246442E5175B42E3E7E0
:1019800000400540064A536A9942FCD807D1044BEF
:1019900002E05A6A914202D19A6A8242F9D37047B0
:1019A00000400540F8B5DE464E4657464546E0B590
:1019B0008B4605000A991800160000F0F1FA0A9B00
:1019C0006C001F02324B64199C46A4006444636897
:1019D00081469F4200D967602B1FDBB29846012BDE
:1019E00030D9C02380229B01E31812011A60294BD1
:1019F000AD0059599A4600291BD17301E02622688F
:101A000053401E40802342465B01E3181E60012ABA
:101A100030D9802380229B01E31812011A605346BB
:101A20004A4667605A51F0BCBB46B246A946A0463A
:101A3000F8BD586900F0B4FA013043001B18033BAD
:101A4000FDD2DAE75B46012BCBD1C02303229B01F9
:101A5000E3181A60023AA3681A42FCD07301E02628
:101A60002268AD0053401E4080230A4A5B01924623
:101A7000E3181E605A462168514003220A401A604A
:101A800001225B469A40A3681A42FCD0C1E7C046D7
:101A90000080004054240020F0B546464F46D6460C
:101AA000C0B51F00344B44009C462418A400644475
:101AB000636888461600FF2B02D880235B006360B2
:101AC000031FDBB29A46012B30D9C02380229B0131
:101AD000E31812011A60294B8500595999460029CB
:101AE0001BD17301E026226853401E4080235246DA
:101AF0005B01E3181E60012A30D9802380229B01FC
:101B0000E31812011A6080235B0063604B465F514B
:101B1000E0BCBA46B146A846F0BD586900F040FAAC
:101B2000013043001B18033BFDD2DAE74346012B8B
:101B3000CBD1C02303229B01E3181A60023AA368A9
:101B40001A42FCD07301E0262268850053401E40F3
:101B500080230A4A5B019146E3181E6042462168D1
:101B6000514003220A401A60012342469340A26872
:101B70001342FCD0C1E7C04600800040542400203E
:101B8000014B8000C058704754240020F8B5040071
:101B900021481E0017000D0000F002FA0100380075
:101BA00000F0FEF9069B36041B031E432368002B3E
:101BB00020DB1A4B1A49E3185A1E934180229201E6
:101BC00094465B421B0B174A1B0363441360164A7F
:101BD00013601F000A689743FBD1144B2560E2187D
:101BE0002123A06013602368002BFCDA0823E66041
:101BF0001360F8BD3F2322681340AB42D9D1A368DC
:101C00001B051B0D8342D4D1EE22E368D2021340A0
:101C1000B342CED1EDE7C046001BB7000040FDBF88
:101C200008C0004000E0004000F000400430000028
:101C300010B580241C4BE4051C6000281AD0012339
:101C40001A4C18431A4BDC611A4C44401C6259620E
:101C500098628021144BC90519601748174908601C
:101C6000E021C9041960002A07D18022144B120612
:101C70001A6010BD0E4BD861EBE753019B1A9B0015
:101C80009A18802312015B049A4209D213000D496D
:101C90000B60074B5A608022094BD2051A60E8E7B7
:101CA000094B1A00F3E7C04600B00540D3C007B0A7
:101CB000008005402D3FF84FFCFF01000820014047
:101CC00000A00540B8280020FFFFFF008023024A43
:101CD0009B000B43D362704700800540142310B56E
:101CE0000100188804331B88984710BD162310B5CF
:101CF0000100188802331B88984710BDF8B5474685
:101D0000CE4680B50F1E19D0142399460433040023
:101D10000025012698464B461888434621681B88B3
:101D2000984701C4431E9841013540420640AF42E6
:101D3000F1D13000C0BCB946B046F8BD0126F8E785
:101D4000142370B50400188804331B880D0005495E
:101D5000984703000020002C01DB0130A04029003F
:101D60009847C04655420000AA23064A1B0113604B
:101D70008D235B00D3600449044B19605368002B2A
:101D8000FCDA70470040024000B0FA0000600240F8
:101D90007047C04610B50148FEF7B2FE18FA0010B1
:101DA00070B5074D074EB54209D20024013E761B9F
:101DB000B60808CD984723000134B342F9D170BD6D
:101DC000F8F2001034F30010054B064A06491A6079
:101DD000064A074B1A6010000B689843FBD1704706
:101DE00000E00040BFCDFBFE08C00040FE7F3C008D
:101DF00000F00040044BDB6C002B03D18022034B2E
:101E0000D2021A607047C046000011504C20115099
:101E1000044A054B1A60054A1368DB018033FBD185
:101E20007047C046FFFFFF0100F0004008C00040BF
:101E30004022034B9A675A671A67DA667047C046B2
:101E400000F0014010B5FEF701FF10BD70B5044D64
:101E5000044CA968C022200001F052F8AC6070BDAB
:101E600000ED00E000000020002310B5294C82B0F6
:101E7000A367FFF779FF0122274B1A60636C012BE0
:101E8000FCD10322254B1A60224A936B012BFCD113
:101E9000013300930121224A22480433FFF776FEE2
:101EA000052301210093204A2048FFF76FFE0022FE
:101EB000022104201E4BFFF7EFFD00220121052027
:101EC0001C4BFFF7E9FD0022002107201A4BFFF70A
:101ED000E3FD002200210820174BFFF7DDFD8023E2
:101EE000DB000093002200210920134BFFF75AFD6D
:101EF0000022104B00210620FFF7CEFD0420FFF743
:101F00003FFE0E4900F04CF801000020FFF7DEFE16
:101F100002B010BD008000403CB0004030B0004036
:101F2000002F685900800240008C864700C00240A4
:101F3000001BB70040597307006CDC0240420F00E1
:101F400001480421014B1847C00F0020FD1C001060
:101F5000124A936F9B0815D29066D166002905D06E
:101F6000FFE7FFE7FFE7516F106F704704B580216F
:101F70000906C2175140002800D0C8430DF07CF973
:101F8000002104BDF0B5146E556E576F166FFFF744
:101F9000E3FF1466556657671667F0BD000000D072
:101FA000114A936F9B0813D210665166002905D021
:101FB000FFE7FFE7FFE7516F106F704704B5002898
:101FC00001D00020C0430DF057F9002104BDC046E8
:101FD000F0B5146E556E576F166FFFF7E5FF146678
:101FE000556657671667F0BD000000D094464A4A10
:101FF000926F9208624601D228E0C046F0B5464E84
:10200000346E756E776F366F00F020F89446424A52
:1020100014665566576716676246F0BD94463E4A99
:10202000926F9208624601D254E0C046F0B53A4E33
:10203000346E756E776F366F00F04CF89446364A02
:1020400014665566576716676246F0BD002B24DBA1
:1020500011D000293EDA00B5C943404200D1013118
:1020600000F038F8C943404200D10131DB4352420D
:1020700000D1013300BD002AEBD1002801D1002995
:1020800005D00020C90FC90701D1C043410800B5E0
:102090000DF0E2F80022002300BD00B500290ADBA4
:1020A000DB43524200D1013300F014F8C9434042EF
:1020B00000D1013100BDC943404200D10131DB43B1
:1020C000524200D1013300F005F8DB43524200D107
:1020D000013300BD002923D1002B18D1002A0CD0D8
:1020E000BC460D4F38667A6600210023FFE7FFE704
:1020F000FFE77A6F386F67467047002801D00748BE
:10210000010000B50DF0A8F80022002300BD020078
:102110000B00002000217047000000D0FFFFFFFFF0
:10212000002B00D0BFE0130C28D1002AE7D080B4E8
:10213000114F39667A66FFE7FFE730B4040C7B6F16
:10214000396F1B0423433B667A66FFE7FFE7FFE72F
:10215000C04684B27B6F3D6F1B0423433B667A66A7
:10216000FFE7FFE7C04600232C042D0C7A6F386F81
:1021700000196941B0BC7047000000D0F0B594462A
:102180000025140E01D112020835140F01D11201DD
:102190000435940F01D192000235D40F01D15200C1
:1021A0000135D40B0134254F7C66254C3C660E0C62
:1021B00093B2FFE7FFE7FFE73C6F6643360C770318
:1021C000BE467343DF0B5B04C01AB941130C734363
:1021D000DB18C91ACE086643360CB64493B2734373
:1021E0001F0F1B01C01AB941130C73431F0B1B05B2
:1021F000C01AB941860D8F023E436643360C092D45
:1022000024DB520A7243801A7703460A6643360C6F
:1022100016235B1BDE40DF40BF1964466643821B0A
:102220007046043506330100D940A840C01900D3D8
:102230000131A24206D20023F0BD0000000000D010
:10224000FFFFFFFF121B0130F3D3F1E709277F1BCC
:10225000FE406446A2B27243801A00D20139220CB9
:102260007243130C1204821A99410B007046043514
:1022700013370100F940A840801900D30131002B29
:1022800002D1A2420AD2F0BD013000D30131121BAB
:10229000FAD2013BF8D1A24200D2F0BD013000D306
:1022A0000131121BF7E7F0B51C0C00D080E00CB434
:1022B00000251C0A04D11B02160E334312020835F6
:1022C0001C0B04D11B01160F3343120104359C0B68
:1022D00004D19B00960F334392000235DC0B02D1F0
:1022E00092185B4101351C00971864410134464F38
:1022F0007C66464C3C660E0CFFE7FFE7FFE7C046F6
:102300003C6F6643360C7703BE4697B27743C01BDB
:1023100000D20139C01B00D201399FB27743C91BDB
:10232000C91B170C77437E04FF0B801BB941CE08F5
:102330006643360C0C2D33DBB644120B1F053A43B3
:102340001B0B97B27743C01B00D201399FB2774372
:10235000C91B170C77433E043F0C801BB941860D07
:102360008F023E43664329277F1BFE400C3D774684
:10237000AF40BF1930BCA2B2ABB272437343801AF4
:102380009941220C7243130C1204801A99410200E5
:102390000B000137001BA941F9D2781E0021F0BDC6
:1023A0000C277F1BFE4077467F0BAF40FF19E0E70D
:1023B00000245D1C07D0144F7D663966FFE7FFE7F8
:1023C000FFE7FFE73C6F95B29EB265436643401B53
:1023D000B141150C1E0C6543664336042F0C3E4379
:1023E0002D04401BB141994204D202000B00200091
:1023F0000021F0BD01D19042F7D3801A99410134F8
:102400009942F2D3F6E70000000000D0FFFFFFFF83
:1024100048404140484018B41B4B5B68FC46019360
:1024200008BD04DF5327001018B4174B1B68FC4687
:10243000019308BD00DF5D2700109446134A926F98
:10244000920809D2624618B40F4BDB68FC46019330
:1024500008BD0CDF152A00100C4AF0B5146E556E3D
:10246000576F166F6246FFF7EEFF084A146655660F
:1024700057671667F0BD18B4034B9B68FC46019381
:1024800008BD08DFB928001088180020000000D01F
:10249000FFB550404240504059404B40594000E049
:1024A000FFB5154F4C00640D03D0BC4204D10C03A2
:1024B00014D80020090D09055C00640D03D0BC424E
:1024C00004D11C030AD800221B0D1B0501264B401A
:1024D00009D44B4003D58B4200D18242FFBD9942C3
:1024E000FCD19042FFBD0B43DB1803431343F5D0EF
:1024F000C9434918FFBD0000FF07000000B5FFF702
:10250000CFFF01D0002000BD012000BD00B5FFF7C6
:10251000C7FF804100BDC04600B5FFF7C1FF01D92C
:10252000002000BD012000BD00B5FFF7B1FF01D9BB
:10253000002000BD012000BD00B5FFF7A9FF8041CC
:1025400000BD012040054A00121804D85A00121894
:1025500001D80020704701207047000000210028AA
:1025600005D17047C1174840401AFAD0C90713B5C2
:10257000064B1B6898470CBC441CA2401005120B6C
:102580000349091B09051943114310BD48290020BF
:102590001F04000010B54C00620D8023D218DB0030
:1025A000D21A5B057E2A10DD9E3A13DACC17090396
:1025B000490819435242D140640001341532202A9F
:1025C00005DAD0400843604310BD002010BD084626
:1025D000604310BDC80FC018013810BD18B4044BBB
:1025E0005B6AFC46019308BD24DFC52B0010000088
:1025F0008818002018B4044BDB6DFC46019308BD1D
:102600005CDFD12C0010000088180020C94211D3D3
:1026100000B549004908002200F018F8002904D448
:10262000002240428A41114600BD80210906002057
:1026300000BD000018B4044BDB6EFC46019308BDDE
:102640006CDFD32B001000008818002018B4044B56
:102650009B6FFC46019308BD78DFEF2B0010000054
:102660008818002018B4044BDB6FFC46019308BDAA
:102670007CDF5D2C0010000088180020132370B54B
:102680001D78012D19D014DD1F48FFF72FFB060020
:102690001E48FFF72BFB1E4C80223100200000F06B
:1026A0002FFC022D2DD01B48FFF718FB1A4B18608A
:1026B00070BD1A4B164CA364F5E7184B144C2360FD
:1026C0006360A360E36023616361A361E3612362EC
:1026D0006362A362E36223636363A363E3632364CC
:1026E0006364A364E36423656365A365E3652366AC
:1026F0006366A366E36623676367A367E367A36410
:10270000D1E7064BA364CEE75344000053460000D4
:10271000881800204C330000482900202127001091
:1027200007B5604601880A0A0230DF2AFAD1C9B229
:10273000820804D3028840880004104300E0006847
:10274000014A5050039007BD881800200FB403BC05
:102750000CBCF0B50124E407634000E0F0B50C0DBB
:10276000CF0F661E3605891B640503D3C94340425B
:1027700000D30131640D03D0661CF60A07D0E41BB8
:1027800000207F00791C89078912803C24031D0DDD
:10279000DF0F6E1E36059B1B6D0503D3DB435242D4
:1027A00000D301336D0D03D06E1CF60A07D0ED1B6C
:1027B00000227F007B1C9B079B12803D2D032F1B5B
:1027C000661B58D4A446202E46DA20371400BC409D
:1027D0001D00BD40F24033412A4380185941CB0FC0
:1027E00005D0C943C0430022644250415141624672
:1027F0004D0D28D10D0D07D100281FD024194041BF
:102800004941013A0D0DF9D0640006D3013000D3DF
:102810000131002C01D140084000013A0BD4941C36
:10282000E40A04D112051144DB071944F0BDD907AD
:10283000204B194300E0D9070020F0BD0029DDD16D
:10284000002CDBD1F0BD0132C6074008CD0728437C
:102850004908002EE1D0D9E73C2E29DA203E403746
:102860001400BC4000D00124F24014431A00BB40C5
:102870001C43D317ACE7AC46202F08DA20360400FF
:10288000B4400D00B540F84039412843A5E73C2F3E
:102890000CDA203F40360400B44000D00124F84058
:1028A00004430800B1400C43C117EAE710001900C7
:1028B000002494E70000F07FF0B50C0D661E36058D
:1028C000891BE60A6405640D02D0651CED0A04D07C
:1028D000002001210905803C2403A4461C0D671E2D
:1028E0003F05DB1BE70A6405640D02D0651CED0A99
:1028F00004D0002201231B05803C2403774064445C
:1029000097B484B296B27443070C7E43150C6F43A0
:1029100080B26843361802D3012000043F18300407
:10292000350C00197D41844688B29AB250430C0C94
:1029300062431F0C7C438EB27E43921902D3012660
:102940003604A4191604170C3618674101BC81B26D
:102950009AB25143040C62431B0C5C4380B258434F
:10296000121802D30120000424181004130C40187C
:1029700063412D185E410020474106BC88B293B2E6
:1029800058430C0C6343120C544389B251435B18F7
:1029900002D301210904641819041A0C09186241B0
:1029A0006D1856410020474118BCF902720D1143C1
:1029B000F0026A0D1043ED020A0D03D16D1940417A
:1029C0004941013B124E9B1B7600B3420ED26D0073
:1029D00007D30130002671416646354301D14008D6
:1029E00040001B05C918E4072144F0BD0BDA013390
:1029F00006D1013004D101314F0D01D04908F2E771
:102A0000E1070020F0BD013631050020EBE70000B2
:102A1000FF030000F0B51C0D671E3F05DB1BE70A36
:102A20006405640D02D0661CF60A04D0002201235E
:102A30001B05803C2403D0252D060026F6432E6678
:102A40001E096E66CE0FF619B44649004F0D02D02E
:102A50007E1CF60A03D000200021403F3F033E1BAE
:102A6000B600B444013F7F05C91B49082E6F0136EB
:102A700076089C02950D25437543ED137543AD1300
:102A800001356D10F603761B0CB4CC02450D2C43BA
:102A9000A2B2B3B25A43270C7B43350C6F43A4B2A6
:102AA0006C431B1902D3012424043F191C041D0C80
:102AB000A4187D4124196D41009A91B2ACB26143D2
:102AC000170C7C432B0C5F4392B25A43A41802D3D9
:102AD00001221204BF182204230C52187B41019CCE
:102AE0006C431B19520ED9010A434401A01A81B24A
:102AF000B2B2514303145A43360C734387B277433F
:102B0000D617D21900277E4136049B191704160CDC
:102B10007F185E417316ED18F3010026803375416E
:102B2000A90F06D16400690AE8055B0A184309D2B7
:102B30002FE00422944480337541A90AA8059B0A1A
:102B4000184326D3404149412404009A019B0D00BB
:102B50005543641B4343E41A95B286B27543170C80
:102B60007E43030C5F4392B25A43B61802D301224C
:102B70001204BF183204330C52197B4152429C415B
:102B8000002C02D40022013051414008CA071043F2
:102B9000490802B06246D7079210084BD218084B7A
:102BA0009A4203D212058918C919F0BD0020002AE3
:102BB00001DC3900F0BD01331905F5E7FD03000024
:102BC000FE070000002200B5203200F010F80800D7
:102BD00000BD002200B500F00CF8CA179A4200D1DF
:102BE00000BDD8430121C907414000BD00220B159B
:102BF0000AD410B5944600F0A7F81414013400DA92
:102C00000021CB17144C204700200021704762445C
:102C1000343A0CD40C2A07DA040091409040524216
:102C20002032D440214310BDD843D94310BD2032B7
:102C300007D40C469440524220321141D0402043E8
:102C400010BD0800C917203203D45242203210416F
:102C500010BD1800190010BD0F2C00104A00520DB5
:102C6000144BD21A13DDFF2A1EDAD205CB0FDB0775
:102C70001A43C300400F0903490A084310435B008D
:102C800001D301D0013070474308FBD2704702D016
:102C9000C80FC00770470A0312130132F8D1420F60
:102CA000072AF5D1012200E0FF22C80F0002801898
:102CB000C00570478003000000210A00002104E0E5
:102CC00000210A00C11704E00022002306E0C046EC
:102CD0000022CB1758405940C01A994130B5184CC2
:102CE000A21A002903D1010010D00020203A4C156F
:102CF00012D104D2013A001849414C0DFAD3114CBB
:102D0000A24204D212058918DB07C91830BDD2438C
:102D1000520D00200021F5E703D4013A0018494183
:102D2000FBD50B324405C00A4D052843C90A64008F
:102D300003D0002460416141E1E7E0D34408F8E7B3
:102D400032040000FE0700000A0DCC0F531E1B05C5
:102D5000C91A520503D3C943404200D30131520D71
:102D600003D0531CDB0A07D0121B00206400611C37
:102D700089078912803A1203014BD21A704700006A
:102D8000FF03000051434343C9188C46110C83B222
:102D90004B4310B4040C614392B280B2504362437F
:102DA0001C041B0C001910BC59411304120CC01850
:102DB000514161447047000007B5484041404840D8
:102DC00001E0C04607B54200120E03D0FF2A03D12E
:102DD000420218D8C00DC0054A00120E03D0FF2AC7
:102DE00003D14A020FD8C90DC9050122414005D4BB
:102DF000414001D5814207BD884207BD01434918C2
:102E000001D0C043001807BD00B5FFF7DBFF01D9B3
:102E1000002000BD012000BD01231B064200D21886
:102E200004D84A00D21801D800207047012070470A
:102E3000132310B512481C78FEF758FF0100012C2F
:102E40000AD003DD80220F4800F05AF80E48FEF742
:102E500045FF0E4B186010BD0A4C5422200000F0B4
:102E60004FF80B4B6365A365E36523666366A36652
:102E7000E36623676367A367E3672362E361E5E7CC
:102E800053460000881900204C33000048290020D8
:102E9000952E001007B5604601880A0A0230DF2A25
:102EA000FAD1C9B2820804D30288408800041043D2
:102EB00000E00068014A5050039007BD88190020C7
:102EC00010B5040006F0DCFA002804D0034B041906
:102ED0009C4200D810BD0248FDF712FE00000420FD
:102EE00024FA001001480421014B1847D00F00209C
:102EF000FD1C0010014B1B6818470000D00F00207C
:102F0000014B5B6818470000D00F00209A4200D2A6
:102F1000885470477047C046F8B55746DE464E465F
:102F20004546E0B599460A9B07009A460D9B8846A0
:102F300093460B9C9B073BD10C9B9C423DD21E1B96
:102F40000B9415000C005E442A004B46013521000D
:102F50002020B847B542F7D1A0460B9C002C20D0CA
:102F6000454636195346321B013C185D29004B4635
:102F7000B847002CF6D12B00350098460D9B9B07D7
:102F80000FD55B46EC1A0C9BA3420AD946469846DD
:102F90002A004B46310020200134B8470135444512
:102FA000F6D32800F0BCBB46B246A946A046F8BD01
:102FB00016001500002CD3D1E0E71600002CCFD16D
:102FC0001500EEE7F0B54F464646D646C0B584B08C
:102FD00098460EAB1B7894469946129B0D9C109F09
:102FE000119E9A0725D4002E65D1BC4221D2012220
:102FF0001A409246202C00D1E9E00C9A551E30224E
:1030000002E0202C00D17BE001342A55A742F8D8F9
:103010005246002A0DD0B4420BD20C9A551E3022D3
:10302000202C02D171E0202C2DD001342A55B4423D
:10303000F9D1DA063CD55A052ED4002C28D10F9AA6
:10304000102A00D1B6E0022A00D1BCE030220C9C4C
:10305000227001244A46002A65D15A0700D499E01B
:103060002B220C9D2A55013403930C9B624600933E
:10307000029643460194FFF74FFF04B0E0BCBA4606
:10308000B146A846F0BD2024DA06EDD55A0503D492
:10309000A74266D0B44264D00F9A102A71D0022A97
:1030A00057D0202CE0D02200013430250C9FBD5495
:1030B000202CD9D0CEE7012215001D40AA461A4285
:1030C00036D04A46002A4AD10C321A4247D1BC4275
:1030D000A1D2202C91D1202E17D82024DA06C3D5D6
:1030E0005A051BD4202F01D0202ED5D11F220F9D91
:1030F000102D6FD0022DD8D162250C9FBD54D0E782
:103100005246002A79D0202EBDD92024DA06ABD52C
:103110005A0503D4202FE9D0202EE7D00F9A102A89
:10312000A2D12024A0E72D220C9D2A5501349BE733
:10313000BC4200D37DE7202C00D05EE7DA06F0D554
:103140005A05EED4202F62D0202EEAD134001F225F
:10315000CDE7202C00D187E722000134CCE7013EE7
:10316000B5E7621E012CC2D10F9A102A00D06AE77F
:103170009A063BD558220C9C2270283A6270022491
:1031800068E79A060ED4202CCBD078220C9D2A55C5
:10319000013486E71A0700D466E720220C9D2A55E1
:1031A000013461E7202CBCD058250C9A12191570F7
:1031B000013476E79A0608D558220C9C22703022FA
:1031C0006270022446E76032F7E77822F5E7002ACA
:1031D00083D1B3E7A21E013C9D0603D478250C9F42
:1031E000BD5460E758250C9FBD545CE778220C9CC9
:1031F0002270483A627002242CE7DA0600D433E7E2
:103200005A058BD4202F00D044E71F226FE73C00E3
:103210001F226CE710B5002800D110BD01F086FC1C
:10322000FBE7C0460B0010B5002802D049681B68B8
:10323000984710BDF0B557464E464546DE46E0B5C8
:1032400099B08246894690460893229A239B1000A3
:103250001900FFF776F9002800D0CDE022982399D5
:103260000122D94B5242FFF767F9002800D0C3E092
:10327000229823990122D54B5242FFF747F90028A3
:1032800000D0B9E02298239900220023FFF73EF9ED
:10329000002800D0F1E1229E239F8023269ADB00A4
:1032A0001A400D92269A1A4201D1062324938023B4
:1032B000269A1B011A403B0093460996334300D0DF
:1032C000B3E0002A00D0C2E1002300240A930B944B
:1032D000002304250993259B0024AB4200D95C1BE5
:1032E0000223269A1A400C92269A134203D06B426C
:1032F0006B415B421C40099B002B07D00A9A0B9B39
:1033000030003900FFF799F806000F002298239942
:1033100000220023FFF7FAF8002803D080210906D5
:103320007B181F00269AAA4B009601971340089E0F
:103330000493249B0394029342463300494650462B
:1033400000F0AAF90400002D67D02020269A4946F3
:10335000024013005A4253415B42621C18400A92D9
:10336000330022004530D047099A6F1ED317D41876
:103370005C40D30F9B46002501E0202D13D008AA06
:1033800094461F23200063440A2101355E19FEF78D
:1033900007FE3031317020000A21FEF701FE2600C1
:1033A0000400092EE9D805230693002304930A3369
:1033B00003935B46089E029310AB0A9A009349461A
:1033C0003300504605970195FFF7FCFD0C9A040069
:1033D000002A22D04246851A259AAA421DD9B04613
:1033E0005746160022004346494620200135B8477B
:1033F0000134AE42F6D810E0269B42460493259B4A
:1034000049460393249B50460293229B239C00939E
:103410000194089B00F040F90400200019B0F0BCB2
:10342000BB46B246A946A046F0BD6A4B78009C4612
:10343000400D6044FFF796F8674A684BFFF71BF8AA
:10344000674A684BFEF7F0FF674A3B031B0B1A43C2
:1034500004000D0009981100644B0022FEF7DBFF09
:10346000634A644BFFF707F802000B0020002900B5
:10347000FEF7DAFFFFF78EF80990FFF773F85E4A60
:103480005E4B04000D00FEF7F6FF00225C4BFEF7DA
:10349000CBFFFFF77FF85B4A5B4B29000C902000C5
:1034A000FEF7E9FF04000C980D00FFF75BF8574AA0
:1034B000574BFEF7E0FF02000B0020002900FEF74B
:1034C000AAFF04000D0002000B000A940B95FEF702
:1034D000D2FF04000D000A980B9902000B00FEF7C2
:1034E000A3FF00220E900F914A4B20002900FEF707
:1034F000A4FF0022484BFEF797FF02000B002000BC
:103500002900FEF79AFF0022444BFEF78DFF0200D0
:103510000B0020002900FEF790FF0A9A0B9B0D007C
:1035200080210400C9050020FEF775FF02000B0092
:1035300020002900FEF778FF02000B000E980F997B
:10354000FEF77BFF0022284BFEF76EFF344B0C9CEE
:103550009C46644423050022FEF78DFF04000D0005
:1035600002000B00300039000A940B95FEF7CEFFE5
:1035700000285DD123002A00C625099963318D42B8
:10358000AD4159466D420435002900D1A3E61343ED
:1035900063D030003900234A234BFEF7C5FF0028D3
:1035A00007D0002230003900204BFEF7AFFF002883
:1035B00053D1249B002B00D18DE60D9B5A1E9341C5
:1035C000249AD31A249386E6FFFFEF7FFFFFEFFFD5
:1035D000FFF7FFFF01FCFFFFFB799F501344D33F30
:1035E000B3C8608B288AC63F0000F03F0000F83F58
:1035F00061436F63A787D23F71A379094F930A4054
:103600000000E03F1655B5BBB16B0240EF39FAFE42
:10361000422EE63F00002C400000244000001840ED
:10362000FF0300002D431CEBE2361A3F80842E413D
:10363000099B0022013B09932000164B2900FEF74D
:10364000FCFE0A00010003000A910B9294E700239C
:1036500000240A930B9400230993249A099B9A420D
:1036600014DDD31A013B24938023269ADB001A43EE
:1036700000230025269209932DE680221206944607
:10368000229B1E00239B63441F0006E60023249315
:10369000EAE7C04600002440F0B54546DE464E4607
:1036A0005746E0B595B08B46904699461E9A1F9BAB
:1036B0000A9019001000209DFEF743FF002800D05B
:1036C000B0E11E981F990122C74B5242FEF71EFF20
:1036D000002800D037E11E981F990122C34B5242A7
:1036E000FEF72AFF002800D0A7E01E981F990022AD
:1036F000BF4BFEF721FF002800D088E01E981F99DD
:103700000022BC4BFEF702FF002800D07FE01E988D
:103710001F9900220023FEF7F9FE002800D0FAE0EE
:1037200000230B938023229C229ADB001C401A4228
:1037300000D102E1092D00D87CE106A98C462C00BD
:10374000172200233021093C62440133D154EF1A7F
:10375000202B00D132E1A342F7D10022A44B0692E4
:1037600007931E981F99FEF715FF0500FEF7FAFE56
:1037700002000B001E981F99FEF74DFE069A079B4C
:10378000FEF779FE08900991FEF728FF0600FEF784
:10379000E5FE02000B0008980999FEF73CFE0022A6
:1037A000954B08900991FEF7C7FE002800D1D2E0A2
:1037B00001363000FEF7D2FE069A079BFEF7B4FEF4
:1037C000002801D000260135AA46002F00D098E03D
:1037D0002800FEF7C7FE02000B001E981F99FEF797
:1037E0001AFE854B002206000F00FEF78FFE0CAB81
:1037F0009A46002845D10022300039007E4BFEF762
:103800009BFE00283DD1EB073BD5013539E0229BDB
:1038100042460493219B594603930A981E9B1F9C82
:103820000295009301944B46FFF704FD15B0F0BCE0
:10383000BB46B246A946A046F0BD229B5B0767D4B3
:1038400003226E4B229901920391219902910093D8
:1038500042464B4659460A98FFF75EFBE6E706AA42
:1038600094461723280063440A2101341E19FEF7E9
:103870006FFB3031280031700A21FEF769FB051E0D
:1038800076D0202CEBD10323229A1340012B1DD19B
:10389000219B002B1AD00B9B002B00D0BBE0229A5F
:1038A0000C33134200D0B6E0219BA34200D887E03E
:1038B00006AB9C4617223023624404E02199013470
:1038C00013558C4259D0202CF8D12024229B0194EE
:1038D0000393219B02935346B9E706AA9446172304
:1038E0000A216344300001341D19FEF759FB3031C1
:1038F000297030000A21013FFEF752FB092E46D9FC
:103900000600202CE9D155460CAB20249A46B8E796
:1039100004223B4B96E71E9A1F9B00200021FEF7D6
:103920007AFD01230B938023229C229ADB001E90B8
:103930001F911C401A4200D0FCE60022314B0627A2
:10394000069207930DE7229B0393219B0293042386
:1039500001932D4B7BE7002208980999264BFEF72F
:10396000D5FD002800D02FE7002E4FD101362BE7E0
:103970000323229A1340012B66D0202CA6D00B9B48
:10398000002B1FD02D235246135501349EE7554678
:10399000202CB9D030233A19002F08D0172006A9BF
:1039A000013409180B55202CAED09442F6D10CAB43
:1039B0009A462E2352461355013462E72024CCE662
:1039C000202C83D0229B5B0708D4229B1B0700D4AA
:1039D0007CE7202352461355013477E72B235246C8
:1039E0001355013472E7C046FFFFEFFFFFFFEF7F83
:1039F00065CDCD4165CDCDC10000E03F78FA001026
:103A000070FA001080842E4180FA0010F30700D471
:103A1000DAE60136D8E6219B013B2193A34200D987
:103A200046E7AAE7229B0393219B0293032301937A
:103A3000074B0CE7074BEA009B185C681B682F00DC
:103A40000693079400248CE6219B002B95D022E757
:103A50007CFA0010C0000110F0B55746DE464E4615
:103A60004546E0B5A5B01F002E9B91460D93CA4A6E
:103A7000CA4B82468B461A60002900D129E20023F6
:103A800038789846002800D12BE2C54B44460C9369
:103A9000C44B55464E460E930AE0631C98462200DE
:103AA00033005946A84744463878002800D187E0BB
:103AB00001372528F1D108239A46043B9946023B59
:103AC0009846013B00229C460B943878791C0300F1
:103AD000203BDBB2102B03D80C9C9B00E3589F4685
:103AE0000300303B0B9C0B92092B3AD900239846DC
:103AF0002A2800D1DDE000239A462E284BD003006F
:103B0000683BDBB2122B1ED80E9A9B00D3589F46FF
:103B100063460F001A43D8E743460F001A43D4E721
:103B20004B460F001A43D0E710230F001A43CCE78F
:103B300053460F001A43C8E780235B000B9A78783E
:103B40001A430B9201310F0067284FD82428A4D9BB
:103B50000300253BDBB2422B9FD893499B00CB58F7
:103B60009F46002398460B9B47469C4600E0013148
:103B7000BB00DB195B001F180878303F0300303BA7
:103B8000092BF4D963460B930023B8469A460F00DD
:103B900001312E28B3D180200B9AC00002430B9232
:103BA00030225242944678780B0084446246092AB7
:103BB00000D8AAE12A2800D1B9E10F0001319EE71F
:103BC000A046AA46B146C84503D301235B424B44F5
:103BD00098464B46424659460020D047200025B023
:103BE000F0BCBB46B246A946A046F0BD010069390B
:103BF000C9B20F2900D950E701238B409C466B4B7B
:103C0000994663464A4613400F9362464B461A4212
:103C100000D068E10A2956D0072900D03DE70D9B66
:103C200002CB9846002900D092E10B9B10211A008C
:103C30008A43100011310843814680201A00C000D9
:103C40000240110003421CD114AB9C461F220F23DB
:103C500062440D959C4615000F9B0B9402E0202BAF
:103C60000CD0110064460C4020003730092C00D8DD
:103C700007380133E8540A090F29F0D80B9C0D9D31
:103C80000F934B460822069353460592083203923F
:103C9000002204930F9B029201931CAB220000931D
:103CA000594633002800FFF78DF9434604000D9371
:103CB000FAE60D9B04CB9046002A79DB78780D93C9
:103CC0000F00013117E70D9B02CB14930B789C4634
:103CD00018005346002B00D134E1002815D053467C
:103CE000013B013399460D940B9C89444A460B00D5
:103CF000A14601E0934203D05C780133002CF9D156
:103D00004A465B1A0D9C0B920F938023DB00994669
:103D10000B9A13400D934B461A4204D00F9B534508
:103D200001D953460F93022399460B9A13400B93E4
:103D30004B46134200D1F5E16346002B00D1D6E19A
:103D40000D9B002B00D182E10B1BD14631009A461E
:103D50003B00A1442E005F464D4622009B4689460B
:103D600009E04B463900541CB0475346185D002803
:103D700000D192E122009542F3D14B465A46A94622
:103D8000BB46350017001E004C460B9B002B00D095
:103D9000ADE1149B0D9387E6593A0010B42800203A
:103DA00024FF001068FF0010B4FF001041900000D5
:103DB0000B9A283802430B9242465242787890463A
:103DC0000F000D93013196E678786C2800D15DE103
:103DD00080230B9A5B001A430B920131B3E68023D8
:103DE0009B00ABE67878682800D148E180230B9AE5
:103DF00001311A430B92A6E6672800D1B2E04728AA
:103E000000D11AE1452800D11CE10B9A0721049248
:103E100042460D9B0392073352468B431900029290
:103E20000CC92800009201930D91220033005946DD
:103E3000FFF700FA040037E6462800D18DE00B9A20
:103E40000721049242460D9B0392073352468B434F
:103E5000190002920CC92800009201930D912200D2
:103E600033005946FFF718FC04001DE6631C984612
:103E70002200330059462520A847444614E60D9BEE
:103E800004330F93631C99460B9B9A0700D40AE1F5
:103E90000D9B2200187859463300A84743464444F6
:103EA000012B00D86FE1B0462E0025004C46B946E4
:103EB0005F4622004346013439002020B047AC421F
:103EC000F7D12C00BB4635004F4646460F9B0D935D
:103ED000EAE5D64B38789A4600239846002800D069
:103EE000D3E500246FE66F2842D000D8FDE110230F
:103EF000782800D19BE00B9A9A430B920A239C46A8
:103F0000002314930A330F9338E057460B9AB900F5
:103F1000C919490001330F181878303F01003039B2
:103F20000929F4D9BA460B921F00591CE7E50D9BED
:103F3000B87804CB0237D143C9170A4092460D9393
:103F4000791CDCE5002800D1DFE602235B42C8E6ED
:103F500021200B9A0243914676E620230B9A1A43BE
:103F60000B926CE780230B9A1B011A430B924CE7D0
:103F700008239C460023149308330F930B98802347
:103F80000200DB001A4011000200184200D080E05D
:103F90000C239A431000802302009B001A400B92CE
:103FA000184200D0F1E0802302005B001A409146E5
:103FB0000D9A04321492184200D0C3E2430600D591
:103FC000D7E0030600D421E30D9B1B880993002B47
:103FD00000D02DE110339843002900D128E10023BF
:103FE000994643460593534604930F9B06900393CB
:103FF000002302934B4601931CAB220000935946C9
:1040000033002800FEF7DEFF0400C2E6582809D07E
:10401000622800D0E3E202239C460023149302337B
:104020000F93ABE720230B9A1A430B92103B9C464D
:104030000023149310330F93A0E780230B9A1B01E6
:104040001A430B9220230B9A1A430B92DDE60B1BAB
:104050009A460F9B99463B0037005E469B462200DE
:104060003B003100A84753460134185D0028F6D1C3
:104070004B460F935B46B3463E001F0085E6C023C8
:104080000B9AB8781A430B92F91C5CE5C0239B008D
:10409000F6E70D239A4310007DE75B463500BB46EB
:1040A0004E461F0071E64346012B66D9631E43440A
:1040B00032002E001D003B00A2465F4691469B4603
:1040C00022004B46013439002020B047AC42F7D1E2
:1040D0005B463500BB464E46A14654461F000D9B2D
:1040E0004A461878594633004444A847EEE60F9BE9
:1040F000A146984500D84CE64444E41AB0462E0048
:1041000025004C46B9465F4622004346013439003B
:104110002020B047AC42F7D12C00BB4635004F46BB
:10412000464636E60F98804500D873E24346E218CB
:10413000131A32002E001D003B0091465F469B463D
:104140000F9122004B46013439002020B047AC4289
:10415000F7D15B46BB461F0043460F9901330F93CF
:104160000B7835009C464E466046002800D0E7E5B7
:104170000FE60D9B1B78099329E70D9B2200187809
:1041800059463300A8474C46A0E60D9AFA3BFF3B40
:1041900007329A430133994691444B460D93136875
:1041A000526815921A4306D11032904300220992A8
:1041B000002900D083E06122810600D54122D2B2DD
:1041C0000A9214AA91460A9A00210A3A0B92424690
:1041D0001792524618925A46B24609911E001F3154
:1041E000149B4944BB4616941A950024674698468A
:1041F0008946159D19901B920AE03032D2B24B4687
:1042000001341A55A8454CD0202C4CD006000D0086
:104210003A00002330002900FDF700FFD2B2092A3E
:10422000EBD90B9B9C466244D2B2E8E7152F0010F5
:104230006123820600D54123DBB20A3B0B93434640
:1042400014A91F228C46159353466244B2460D941E
:1042500017974C468046A9461700099D0F9E169356
:1042600008E03033DBB201343B55B5420ED3202C8D
:104270000CD0050031002800FDF792FECBB20929D1
:10428000EFD90B9A94466344DBB2ECE7159B4046AA
:104290009846169B4D465646A1469A460D9C179F3A
:1042A0009FE6B742B0D9179B56469846189B5F4683
:1042B0009A461B9B09949B46169C19981A9D434647
:1042C0000593534604930F9B069003930023029398
:1042D000099B01931CAB2200009359463300280030
:1042E000FEF770FE0400FFF7DFFB10230B9A9A43E2
:1042F0000F92692800D091E10B9980230A00DB001E
:104300001A4010000A00194203D0112118008A43F4
:104310000F920F9A802311009B0019408C461A427D
:104320005BD1802311005B00194089460D9904314F
:104330000B911A4200D0B2E013005B0600D4EDE00E
:104340000D9B1B781A00D90F0D91002B00D1A3E013
:10435000100014AA944642461F2315925246634405
:10436000A846BA464D461494B14604001F00169262
:1043700001E0202D0FD020000A21FDF711FE0135AC
:104380007E193031317020000A21FDF709FE260028
:104390000400092EEDD8159B4E46A9464546984681
:1043A000169B57469A46149C0F9B069343460593CB
:1043B000534604930A2303930D9B02934B460193A8
:1043C0001CAB22000093594633002800FEF7FAFD8B
:1043D0000B9B04000D93FFF767FB07220D9B073330
:1043E0009343013294469C4462460D920CCBD90F04
:1043F0000B911100194300D19BE0D9171391129131
:104400005140109113995940119110981199129A95
:10441000139B801A99411090119114AA9446424618
:104420000023159252469946169232001F33634478
:10443000A8464E46BA4614941F00109C119D914602
:1044400001E0202E10D0200029000A220023FDF7D1
:10445000E5FD013630322B00BA550D002200040074
:10446000002BEED1092AECD8159B109411954546E6
:1044700098464B46169AB14657461E009246149CE3
:104480000F9B069343460593534604930A230393D5
:104490000B9B02934B461CE7002885D159E70D9BE7
:1044A0001B68DA0F1100002B00D1A6E0DA1798186C
:1044B000504014AA91461F2342464B44A8460D94EF
:1044C000169704006546B1461F001491159201E04D
:1044D000202D0FD020000A21FDF762FD01357E1945
:1044E0003031317020000A21FDF75AFD260004000A
:1044F000092EEDD8159BAC4645469846149B4E4672
:1045000019000D9C169F0F9B02910693434605933D
:10451000534604930A230393634650E713001B0694
:104520006ED50D9B00229B5ED9175A184A4092B255
:1045300009E7002399460028A2D100220023109207
:1045400011936AE70D9B1B689946002B03D110332A
:104550009843002938D16123820600D54123DBB27C
:104560000A3B0D9343461693534614A91F228C46CB
:1045700017932B0062444D46B24615941897804617
:10458000170099460B9C0F9E08E03033DBB20134D4
:104590003B55B5420ED3202C0CD00500310028002D
:1045A000FDF7FEFCCBB20929EFD90D9A944663447E
:1045B000DBB2ECE7169B40469846179B56464D46A5
:1045C0009A460B94189F159C4346059353460493B3
:1045D0000F9B06900393002302930B9B0BE50B9913
:1045E00080230A00DB001A4010000A00194200D0A4
:1045F0008BE610239A430F928BE6002883D158E76D
:104600000D9B1B68D9175A184A409CE60D9B1B68E6
:104610000993DCE4030001330F93A5E50B926DE4ED
:104620000EB4012230B584B007AC08CC064D0100B1
:104630000094280052420394FFF70EFA04B030BCF5
:1046400008BC03B01847C0460D2F001000B585B058
:104650000391012102900093034813004A4202A9EA
:10466000FFF7FAF905B000BD253200100FB430B5E0
:104670000C4985B008AA08CA0D680392002D0CD019
:1046800000920122084C5242200002A9A8470120B2
:1046900005B030BC08BC04B01847180000F092FA0E
:1046A0000020F5E7B42800201532001010B5094AA3
:1046B0000300146884B0002C08D001220091064841
:1046C000524203A9A047012004B010BD00F07AFABD
:1046D0000020F9E7B42800201532001000BEFDE7E5
:1046E000094A03001068002805D00849C3188B4206
:1046F00007D81360704706480449C31810608B42FE
:10470000F7D901204042F5E7B02400200000042042
:1047100074290020030010B508001100002B05D1FA
:10472000044B1A685B6800F065F910BD0120404237
:10473000FBE7C046C8FE00100300013B10B50800AF
:104740001400012B06D801230022210000F0D2F82A
:10475000200010BD01204042FBE7C046012040423E
:104760007047C046012040427047C0460120404289
:104770007047C0460300022200209A424041704721
:1047800010B5FFF7ABFFC04630B50D0083B0190080
:10479000002A0BD0074B084C0192009302002B001B
:1047A0002000FFF763FF0120FFF798FF034B1A007B
:1047B000F1E7C04688FA001098FA0010F0F40010F3
:1047C00070B5FDF7EDFA074D074EB54209D200244A
:1047D000013E761BB60808CD984723000134B3424A
:1047E000F9D170BD34F3001040F30010030010B590
:1047F000080011001B68984710BDC046F0B5C646BA
:1048000000B5437D07000D001600002B38D0002AAC
:104810002EDD00216A1E90466A5C037D4C1C002040
:104820000A2A0CD0A64216D043461B5D21000D3B40
:104830005A4253416A5CDBB24C1C0A2AF2D1002B6B
:10484000F0D1884217DB022110483B689847A64206
:1048500007D02000E8E7864203DD311A3B682818BC
:104860009847AD19013D2B780D3B5A4253413B759A
:1048700080BCB846F0BD091A3B6828189847E2E7A3
:104880000368110028009847F2E7C04610010110A4
:10489000F0B5C6460B6806000C0000B5802B06D0AC
:1048A0005A1C2260E418267180BCB846F0BD0F4B3C
:1048B0001D68002D16D00B1D98460D4F02E02D6986
:1048C000002D0FD02B68002BF9D03B68002B01D0B6
:1048D000AB42F4D1280041462268FFF78FFF2D69D3
:1048E000002DEFD101220023DBE7C046A4240020E5
:1048F000AC240020F0B5DE4657464E464546E0B5AE
:1049000085B017001C0006000D00FCF7FDFF00231A
:10491000314A12184B41802109068B4202D30122F1
:104920002E4B52422E4908008A460AF0BDFC0190E7
:104930006B1C03D1300006F035FA0500002C26D0A0
:10494000284B9846284B1C68002C15D0002F21D1ED
:10495000264F02E02469002C0ED02368002BF9D0EA
:104960003B68002B01D09C42F4D120002A0031008A
:10497000C0472469002CF0D1019B002B28D12800CE
:1049800005B0F0BCBB46B246A946A046F0BD184BE8
:104990009846D7E7154B994602ABDF1D0A239B4685
:1049A00002E02469002CE7D02368002BF9D04B46A5
:1049B0001B68002B01D0A342F3D12A003100200054
:1049C000C0475B460122390020003B70C047E8E742
:1049D00050460AF039FCD2E740420F00FFFFFF7F4C
:1049E000C8160020FD470010A4240020AC2400209D
:1049F000ED470010F8B557464E464546DE46984608
:104A00001A4BE0B59B461A4B07000E0091469A469A
:104A1000184D5B461C68002C03D115E02469002C5E
:104A200012D02B68002B01D0A342F7D1A368002B32
:104A3000F4D03100380098470028EFDDF0BCBB46C9
:104A4000B246A946A046F8BD53465B6A984508D8C9
:104A50005246926A4A4502D302204042EEE7984508
:104A6000FAD101200021FCF759FFD2E7A42400204D
:104A700000400540AC2400200A4A1368002B05D1F1
:104A80000CE01A001B691032002B07D09842F8D1B5
:104A9000002902D103691360016170470029FCD02D
:104AA0001060FAE7A424002010B500F041FB10BD0F
:104AB000F0B5C646194B00B51A685F689046184EA7
:104AC000184D82B03468002C03D115E02469002C05
:104AD00012D02B68002B01D09C42F7D1A368002B89
:104AE000F4D0012101A898470028EFDD6B46187922
:104AF00002B080BCB846F0BD0B4B5A6A974207D84B
:104B00009B6A434502D302204042F1E79742FAD123
:104B100001200021FCF702FFD4E7C046C8FE0010C8
:104B2000A4240020AC24002000400540F0B5CE466F
:104B3000474680B583B06B460600DD1D2870FCF744
:104B4000E3FE00231A4A12184B41802109068B42CA
:104B500002D30122174B52421749080088460AF037
:104B6000A3FB164B81461C68002C14D0144F02E0A6
:104B70002469002C0FD02368002BF9D03B68002B50
:104B800001D09C42F4D1200001222900FFF736FE1B
:104B90002469002CEFD14B46002B05D1300003B027
:104BA000C0BCB946B046F0BD40460AF04DFBF5E743
:104BB00040420F00FFFFFF7FC8160020A424002002
:104BC000AC24002070B5040006F0ECF801230100CD
:104BD000050001222000FFF78DFE084B1C68002C09
:104BE00006D06368002B05D098472469002CF8D1C3
:104BF000280070BD2469002CF3D1F9E7A42400201B
:104C0000F0B5CE46474680B5A3B004000D00FCF7D2
:104C10007BFE0023294A12184B41802109068B4252
:104C200002D30122264B5242264F38000AF03CFBA9
:104C300000230600019322002B00234801A9FFF75F
:104C400005FD019B8046002B14D1204B1C68002CD5
:104C500006D06368002B0BD098472469002CF8D14C
:104C6000002E25D1404623B0C0BCB946B046F0BDA9
:104C70002469ECE7154B1D689946002D1CD0144C97
:104C800002E02D69002D0FD02B68002BF9D023688E
:104C9000002B01D0AB42F4D12800019A02A9FFF702
:104CA000ADFD2D69002DEFD14B4601951C68CEE777
:104CB00038000AF0C9FAD5E70195D1E740420F0064
:104CC000FFFFFF7FC816002091480010A424002099
:104CD000AC2400200FB400B583B004A901C9019130
:104CE000FFF78EFF03B008BC04B018477047C046FA
:104CF0000022014B1A7070476E2900204B7900206A
:104D0000FF2B0BD18B79002B08D1CB79012B05D14F
:104D1000082A03D9024B8A7809301A707047C046B6
:104D20006E2900200120704710B5012901D0012013
:104D300010BD13495379107909781B0203430020F1
:104D40009942F5D15378012B08D0022BF0D10020E5
:104D500064220021FCF76CFF0120E9E7D378917809
:104D60001B021943DB0507D54A0A100001231A402C
:104D70007E331940FCF7E4FF01204A0A4042F5E780
:104D80006E29002000487047DC01011070B5050055
:104D900014000120012909D153780020012B05D1ED
:104DA000637912791B021343072B00D070BD2100D9
:104DB0002800024A9F3301F05FFAF7E7340101103F
:104DC0000123037000487047140101104B780A78E2
:104DD0001B0213438A7810B512041A43CB781B06C2
:104DE00013439622D200934200D010BD002201202E
:104DF00011004042FCF7A4FF024B1860024B1960FF
:104E00007047C046442400204824002010B5024BBF
:104E10001878FBF759FF10BD6F290020154B70B5AE
:104E20001A68002A22D0EFF3108172B610680028A9
:104E3000FCD0BFF35F8F00200F4A596010701B68D1
:104E4000BFF35F8F186081F31088002400250B4E9C
:104E50003078FBF72DFF002804D10024002529001D
:104E6000200070BD3078FBF72FFFF8E7FA2400250B
:104E7000A400ECE7C0280020702900206F29002042
:104E800070B5040000200E0001F016FB002836D09B
:104E9000002001F027FB002831D0FCF735FD00236E
:104EA000184A12184B41802109068B4216D2164D22
:104EB00028000AF0F9F9002821D0002001F0FCFABE
:104EC00000280FD101200021404200F009FD0324F9
:104ED000644228000AF0B8F9200070BD01220B4B93
:104EE0005242E4E7002001F0FDFA0028EAD0210058
:104EF0003200002001F000FB041EEAD1E7E70324A2
:104F00006442E9E740420F0050290020FFFFFF7F85
:104F100010B5FCF7F9FC00230E4A12184B41802112
:104F200009068B4202D301220B4B52420B4C20004C
:104F30000AF0BAF900280CD001200021404200F00C
:104F4000CFFC002001F022FB0028F5D120000AF060
:104F50007BF910BD40420F00FFFFFF7F502900206A
:104F6000F8B5DE46574680B505000C00FCF7CCFCD2
:104F70000023374A12184B41802109068B4202D385
:104F80000122344B5242344908008A460AF08CF917
:104F9000002803D1C0BCBB46B246F8BD002001F0DA
:104FA0008BFA00284AD00026002C43DD2B4B9B4671
:104FB00014E0A919002001F023FB070001200021C3
:104FC000404200F08DFC002001F0E0FAFCF79CFC70
:104FD000224BF61918605960B4422BDD002001F015
:104FE0002FFBA71B0200B84200DD3A00002AE0D1E7
:104FF00001200021404200F073FC002001F0C6FABD
:10500000002001F059FA002814D0002001F018FB0C
:105010000028E1D1FCF778FC5B460F001A685B685A
:10502000002184460E4812184B419F4202D8D3D12A
:105030009445D1D950460AF007F9ABE7002000218A
:10504000064B1860596050460AF0FEF8A2E7C046C9
:1050500040420F00FFFFFF7F502900205018002022
:1050600020A1070030B52B4C85B0002120000AF0AC
:105070000BF900281CD1284B1A68002A16D0EFF330
:10508000108172B610680028FCD0BFF35F8F012436
:105090002248596002781B68D2B20470BFF35F8F58
:1050A0000020186081F31088002A17D005B030BDA9
:1050B00001200021404200F013FC002001F012FA10
:1050C000050020000AF0C0F8002DEFD0144B1B683B
:1050D000002BEBD0134A10689847E7E7FCF7FCF980
:1050E0000400FCF711FCFA220023920012184B4135
:1050F000802109068B4202D301220B4B524201212F
:10510000029100210191094920000091FCF7E8F982
:10511000CCE7C04650290020C0280020702900207C
:105120004424002048240020FFFFFF7F1D4E001074
:10513000D02310B51B0684B01C68FCF7CDF9FCF732
:10514000CBFAA04202D0002004B010BD2A4B0021AF
:1051500000201B7801F070FD28480368002B47D021
:105160000120FBF749FFFF23254C264920701840FA
:10517000FBF7C4FD20780121FBF788FD0520FBF734
:10518000ABFD002826D1082200211F48FDF7B2FE02
:10519000FCF7A2F90400FCF7B7FBFA220023920007
:1051A00012184B41802109068B4202D30122174B72
:1051B00052420121029100210191154920000091E4
:1051C000FCF78EF90028BEDB12480121FFF754FCE2
:1051D0000120B9E70120FBF727FD0B4B0100180068
:1051E000FBF76CFF002205200B49FBF7B1FDEBE755
:1051F000FBF748FFB4E7C0465C12011050290020BD
:105200006F29002065500010C0280020FFFFFF7F9D
:105210001D4E0010E00F00200D4E0010004870479A
:1052200078020110004870472402011010B50400F4
:1052300017480378002B20D0002C06D1154B1648B8
:105240004380063BFF3B038010BD052C19D8134B50
:10525000A400E05812490123013804E001330A8018
:105260000231142B0FD0C25C002AF7D1C022DBB26E
:105270005B00920008481343E5E7112100F01AF89B
:10528000DAE70020E0E7CA2303489B00DBE7C046DB
:1052900058290020090400007C2400200C02011081
:1052A0007E24002010B5024800F0D8F810BDC0469A
:1052B0004029002030B54B1E012900D1A7E0664AE5
:1052C00011780D092C0030349F2900D9A2E0047018
:1052D000012B00D1BEE00F21147821400C003034A6
:1052E000092900D998E04470022B00D1B2E054782B
:1052F0002509290030319F2C00D990E08170032BC3
:1053000000D1A7E00F2121400C003034092900D939
:1053100087E0C470042B00D19CE094782509290013
:1053200030319F2C00D97FE00171052B00D191E035
:105330000F2121400C003034092900D976E0447156
:10534000062B00D186E0D4782509290030319F2C26
:1053500000D96EE08171072B00D17BE00F21214045
:105360000C003034092966D8C471082B00D171E0D3
:1053700014792509290030319F2C5FD80172092B3F
:1053800068D00F2121400C003034092958D84472CC
:105390000A2B5FD054792509290030319F2C52D82F
:1053A00081720B2B56D00F2121400C00303409297B
:1053B0004BD8C4720C2B4DD094792509290030317B
:1053C0009F2C00D9073101730D2B43D00F212140B1
:1053D0000C003034092901D937310C0044730E2BED
:1053E00038D0D1790C09220030329F2900D90732F8
:1053F00082730F2B2ED00F220A4011003731092A59
:1054000001D830321100C173102B23D0103000238B
:10541000037030BD07345AE737310C0063E70731BA
:105420006CE737310C0074E707317DE737310C004A
:1054300085E707318EE737310C0095E707319DE7A7
:1054400037310C00A3E70731AAE737310C00C472EB
:105450000C2BB1D1C018DAE74029002010B588B074
:1054600004000D2200216846FDF744FD0D220021B5
:1054700004A8FDF73FFD4B236A466846137004A954
:105480000D2209F0D9FE1521082220006944FDF7FC
:1054900037FD08B010BDC046F8B500F043F90C2345
:1054A000194DFF22AB6705201849FBF751FC184C3A
:1054B000402200212000FDF71DFD4027002301268A
:1054C0002121144A66702783A260136063545F3100
:1054D000618445396354104A10496360E26027874C
:1054E000A1620B606362E26209F0EEFE80239B051D
:1054F0002E64EB6490230A4A0120EA508022094B73
:105500005202DA64F8BDC046000011509104002038
:10551000B42400208400105000011050800010506E
:1055200010D001000020115010B501210520FBF71B
:10553000ADFB10BD10B500220021024800F012F9A9
:1055400010BDC046D4240020044B1970002904D09B
:1055500080219023024A8902D15070476A29002095
:10556000002011500B785B0602D14B78052B00D040
:1055700070478A78014B1A60FAE7C0460000115064
:10558000F0B5C646C87800B58007830F1800012B18
:1055900060D08F780A794B797F213940FC091B0252
:1055A0004E001343334D32195201AA189770012748
:1055B0006740577000275B055B0DD7701383D0766B
:1055C000B846CA00012C32D02B4FBC468F01624432
:1055D000BC46AC446746BA6047461760002932D0E3
:1055E000264AC90090466246414451603F223F33FB
:1055F0009343022837D0224937190A687F01D3180C
:105600000B602049EF19FA608B422ED836197601CB
:10561000AD19EB7E1C499B064A40134380221206BB
:1056200013436A681360012080BCB846F0BD174F71
:10563000BC468F016244BC46AC446746BA624746EA
:105640001760002908D1002364012C196360104BF6
:10565000E360E8E70020E7E70B4AC90090466246AE
:1056600041445162C2E75B00C5E7FCF793FBFA686F
:10567000CCE7C046B4240020840010500400105031
:10568000BC280020FF0F1050000010508000105068
:105690000001105010B509F017FE10BD10B57F20A5
:1056A0000C0020404000E409110000191A00034BCF
:1056B0004001C01800F056F8012010BDB4240020AD
:1056C0007F23180010B50840CA090B4203D10749CF
:1056D0007D3B9B1A8B66400080188022044B400162
:1056E0000021C018120109F0FFFD10BD002011506B
:1056F000B42400207F22130010B50B400A4200D1D1
:1057000010BDC9095B005B1804485B01C018002389
:1057100000220349C37009F0E7FDF1E7B42400203B
:10572000FFF7FFFF80220A4B520410B51A60094BA5
:1057300009491A6010000B689843FBD180220021B0
:1057400052010648FDF7D6FB0922054B5A6710BDEA
:1057500000E0004000F0004008C000400000105091
:1057600000001150002310B5C3820133828283767A
:105770000161040009F078FD002804D08021902305
:10578000074A8902D150200009F0A6FD002802D066
:105790000123237710BD200009F08EFDFAE7C046F3
:1057A000002011507047C0467047C0460020704727
:1057B000002070477047C0467047C0467047C046DB
:1057C0007047C046024B5878431E9841C0B270479C
:1057D0005C1F0020024B18784007C00F7047C0467E
:1057E0005C1F0020F0B5D6464F464646C0B5314B4B
:1057F00007009A461B780E00FF2B01D0012044E0E1
:10580000002941D0002154222B48FDF773FB0022D0
:105810002A4C2B4B20001A70FBF734FC294B1C60E0
:10582000294C2000143CFBF73BFC200001F00CFE4F
:10583000264B274D1C60274B002B2BD02800FFF751
:10584000BFFA254B2A78186024490024894622494A
:105850000023884610E043461B6862019B18002B1A
:1058600012D05B68002B0FD098472A780134E4B23D
:10587000511C2300A1420FDBA242ECD89B1A5B0112
:105880004B445B68002BEFD10020E0BCBA46B14628
:10589000A846F0BD2A78D7E75346310038001F707C
:1058A000FFF7FAFD0028EFD03800FFF73DFE01209A
:1058B000EBE7C046141000205C1F0020541F00209E
:1058C0006B290020B01F00200C100020B41F002006
:1058D00069290020C14D0010AC1D002034030110C7
:1058E000F0B5DE4657464E464546E0B5C84B91B04A
:1058F00002931B78FF2B00D13EE1C64BC64E9B4660
:105900005F46C64B0DAC0193C54B009335686A6981
:10591000EFF3108172B61368002BFCD0BFF35F8FDA
:10592000A9612800210001F0BDFB6A69AB69BFF3E2
:105930005F8F0021116083F31088002800D11BE1E4
:105940006378082BE2D89B00FB589F466368002BC6
:10595000DCD0A0689847D9E77F222179AF4D0A4073
:105960005300EB189846C809804440460123303064
:1059700005799D430571057903339D430571002A1F
:1059800000D100E14346A74A1B7D1278934200D321
:10599000EFE0A54A5B011568ED18002D00D1EBE0A2
:1059A000A36862792078AD69A847AFE79F4A13786A
:1059B000002B00D1E0E01378013BDBB213701378C9
:1059C000002BA3D10122954D01212B7804201343F4
:1059D0002B703423EA5C8A43EA54EA5C8243EA543B
:1059E0000133EA5C8A43EA54EA5C8243EA5423784E
:1059F00000209B4600F0A0FC602223791A40602A18
:105A000000D1EFE0402A00D1F5E0DB06DB0E012BF0
:105A100000D113E1022B00D1C7E0002B00D0E1E060
:105A2000202A00D11CE2002A00D0DBE06379092B98
:105A300000D9D7E07E4A9B00D3589F46774D2B78FC
:105A4000DB0700D462E7FFF7BBFE5FE7019BDB7873
:105A5000DB0700D45AE76068FFF7A6FE56E76F4DF4
:105A60002B78DB0700D451E728780007C00FFFF739
:105A7000A5FE4BE723786A4999468B46694B6A49EC
:105A800098468A4639001A7847460023B0460025D2
:105A90004E46894610E053461B686A019B18002B4E
:105AA00000D176E0DB68300098473A780135EDB2F6
:105AB000511C2B008D4244DC9542ECD39B1A5B01B8
:105AC0005B44EFE7237858499946564B8A469846F7
:105AD0003100BB464E461A780025002347468946CA
:105AE0000FE053461B686A019B18002B55D0DB68FA
:105AF000300098473A780135EDB2511C2B008D42A9
:105B000007DC9542EDD39B1A009A5B0194466344EF
:105B1000EDE7019D542200212800FDF7EBF910224A
:105B2000FF214448FDF7E6F928002022FF21143028
:105B30004E465F46FDF7DEF900F0F4FBFFF73CFE52
:105B4000E4E6364D542200212800FDF7D3F9102257
:105B5000FF21281DFDF7CEF928002022FF21143057
:105B600046464F46FDF7C6F900F0DCFB2379AB70E3
:105B7000CCE6501C984213DA11B0F0BCBB46B246DA
:105B8000A946A046F0BDA3686279207800F0E8FB42
:105B9000BCE646464F46214DE6E74E465F46CBE71C
:105BA0001F4D9B1A5B015D19FAE67023217A0B42A7
:105BB00018D1C80982460F330B405B00984619483C
:105BC000EB1853441B7D00789946834266D21648F1
:105BD0005B01006881469944002A00D15FE14B4691
:105BE000002B68D120780021FFF76AFD8021207802
:105BF000FFF766FD8AE6104800F09EFB012158463B
:105C00000EAAFFF7C3F8002800D07FE6EAE7C046F7
:105C1000141000208C020110B41F00205C1F002013
:105C20003403011069290020AC1D00206B290020DD
:105C3000B0020110601F00208D4D0010237A0F2B41
:105C4000D0D8CF4AEB181B791578AB423ED3691CEC
:105C50009942C7DB5D1BCB4B6D01ED18686900F005
:105C60006BFB012158466B690EAA9847002800D0AB
:105C70004CE66022150023791D401A42B2D16379A7
:105C80000A3B012BAED800F057FB63790A2B00D1F9
:105C900099E158460EA900F0D9FA37E6431C4B4566
:105CA00000DAF7E04B461B1A5B019946B548814480
:105CB000002A00D1F3E04B46586900F03DFB4B460B
:105CC000012158465B690EAA98479CE7AE4A5B01E2
:105CD0001568ED18002DC1D184E7A37999466B783A
:105CE0009945D6D06B78002B00D033E14B466B70D2
:105CF000002B00D12BE148460138C0B2FFF792FAE1
:105D0000002800D17EE143780793022B00D079E18F
:105D10000122C179B1468B11491113400A4030214B
:105D200012015B0113432A78A8468A4313432B7060
:105D300009239A4682445646BA46C37882781B02A3
:105D40001343C31805938E4B04938E4B08938E4BCD
:105D500009938E4B0A93059BB34200D855E17378A3
:105D600001220B2B03D13378F278F6187378042BC9
:105D700000D044E1059B00279B1B9BB20693049B2C
:105D80000B921D78002303931BE0099A7B01156891
:105D9000ED18002D00D132E1310058462B69069AEA
:105DA00098478446082803D9069A824200D313E113
:105DB000049B01371D78FFB26B1C03979F4200DDE7
:105DC0001DE1BD42E1D8039B5D1B089B6D019C4614
:105DD0006544E1E76B780CAA023213705846012340
:105DE0000EA900F049FA91E5E3881A0AD8B20F2A01
:105DF00000D9F7E666499300CB589F460EA800F0FD
:105E0000A1FA5846A179FFF795FB02222B7813439C
:105E10002B707BE5E388012B00D0E3E608222B788A
:105E2000584693430EA92B7000F010FA6EE502203D
:105E300029780CAB9A1C8B068908DB0F01400B43B9
:105E40001380584602230EA900F016FA5EE5E38897
:105E5000012B00D0C6E608222B7813432B7018E7DD
:105E6000237A0F2B00D9BDE6EB181D79444B1B7824
:105E70009D4228D2444B6D011B685D19002D00D155
:105E8000B0E6686900F058FA012158466B690EAA1D
:105E90009847B8E6002A00D0A4E600239946627924
:105EA0000220130003928343012B15D0002A00D057
:105EB00098E62B004344534430331B790CAA9B07CC
:105EC000DB0F0232BCE75A1CAA4200DA8AE6ED1A5E
:105ED0002C4B6D01ED18D4E7E388002B12D1029B07
:105EE0001878039B012B23D0FFF7EAFB43460221DE
:105EF000EB18534430331A790A4301211A711A7985
:105F00000A431A714B46002B00D1FFE4586900F098
:105F100013FA4B4601215B690EAA584698470020A8
:105F200000F00AFA3523EB5CDB0700D5EEE4B0E6BF
:105F3000FFF7E0FB43460221EB18534430331A7954
:105F40008A431A711A7903998A431A71DAE7FFF7BB
:105F500033FC9EE600215846FFF7F6FA5846FFF755
:105F600099FBAB78074903930491054B0649984682
:105F70001A780591002329001D008A461BE0C046BF
:105F80006929002034030110AC1D0020701F00207F
:105F9000D8020110059B6A011B689B18002B4DD08D
:105FA000DB685846984743461A780135EDB2511CD4
:105FB0002B008D422EDC9542ECD39B1A049A5B0198
:105FC00094466344ECE70CAB9A1C584601230EA997
:105FD000157000F051F999E40B9A012A4FD0002A6C
:105FE0003CD00023B07804E00133DBB20F71934260
:105FF00034D2C118C9B241440D79FF2DF4D04E46B8
:106000004546574600236B70ECE54E465746FFF772
:10601000D1FB3EE65546542200212800FCF76AFFDA
:106020001022FF21281DFCF765FF28002022FF21F8
:106030001430FCF75FFF039BAB7057E65546FAE759
:10604000FEF7A0FE021E00D1CCE5D37891781B02AA
:106050000B4358460EA900F00FF9D4E565463B0006
:106060002A0031000A9800F08DFEAC46049B039A8A
:106070001B7866440133934200DB6CE6BFE7174BA5
:1060800029699942ADD1079AABE7FFF78FFB021E52
:1060900000D1A7E5584613780EA900F0EDF8B2E557
:1060A0002189FFF7C3F8021EF4D19BE5022A0FD025
:1060B000FFF77EFB021EC8D194E5FFF7AFF8021E82
:1060C00000D18FE5122358460EA900F0D5F89AE5C5
:1060D000FFF7A8F8021EB8D184E5C0464567001056
:1060E000F8B557464E46DE4645460C00E0B516006C
:1060F0001F00002A3CD01F4B00259A46702399466A
:106100001D4B9B4617E05B462000997800F0FCFD94
:1061100000281FD021004046FFF732FA002819D08E
:10612000A378DA09012A1CD00A9A01351370237862
:10613000E418B5421CDA6378052B0BD1E3789B0792
:106140009B0FBB4206D153464A461B789846A3781C
:106150001A42D8D00020F0BCBB46B246A946A046A1
:10616000F8BD0B9A013513702378E418B542E2DBD1
:106170000120F0E7141000205C1F0020702270B591
:10618000094B0C001D788B781A4201D0002070BD9D
:10619000064B2000997800F0B7FD0028F6D02100CA
:1061A0002800FFF7EDF9F2E7141000205C1F002033
:1061B0000B007F2010B51840DB0934334000044A3F
:1061C000C018044B1168C01800F05AFD10BDC0463D
:1061D000B01F00205C1F00200B007F2010B518406E
:1061E000DB0934334000044AC018044B1168C0185E
:1061F00000F06EFD10BDC046B01F00205C1F0020E7
:1062000070B57F240F480C4064000419CD0964194F
:1062100030342079C00701D5002070BD01262579D2
:106220000948354300782571FFF738FA0028F4D182
:1062300001222379934323712379033293432371FA
:10624000EAE7C0465C1F00201410002070B5094C1E
:106250000600082220000D00FCF752FE00238021DA
:10626000E360A3602B783000994300220023FFF7FE
:10627000C7FF70BD3C1F0020F8B5CE46474690468C
:10628000264E80B58146082230000D001F00FCF725
:1062900037FE4346B3600023F381EC79AB792402E7
:1062A0001C43231CBC4200D93B1C9FB2B381002C71
:1062B0000ED0002F18D04346002B2CD03B1C402F73
:1062C0001BD89FB233787F2B1CD80021144A0FE0D3
:1062D00080212B780022994348460023FFF790FF46
:1062E000C0BCB946B046F8BD7F230022317899433F
:1062F0003B004846FFF784FFF2E740239FB2337824
:106300007F2BE2D9064C3A0041462000FCF7F8FD0D
:1063100080212200ECE70020E2E7C0463C1F00207D
:10632000FC1E002010B5142200210248FCF7E2FDFB
:1063300010BDC0463C1F0020014B18617047C0468D
:106340003C1F002010B5054C010008222000FCF77E
:10635000D7FD0023A360E36010BDC0463C1F0020B2
:1063600070B5384C1D0023780600DA09C9098A4245
:1063700010D00020002D00D070BD21003000FFF7AC
:10638000F1F82369002B03D0220003213000984745
:106390000120F1E7A0687F2B05D8002834D02A001F
:1063A0002949FCF7ADFDE289A1685219E38892B250
:1063B0004919E281A160934214D03F2D12D9A389DB
:1063C000981A051C80B240282AD82078ADB27F28C0
:1063D00028D800219A4232D01B4A2B003000FFF708
:1063E0000FFFC9E72369002B05D0220002213000EE
:1063F000984700280AD08021237800229943300052
:106400000023FFF7FDFEB7E70020B5E700213000CD
:10641000FFF756F930008021FFF752F90120ABE772
:106420004025D2E79A4207D0074C2A002000FCF70B
:1064300067FD80212200D0E780210022CDE70022E5
:10644000CBE7C0463C1F0020FC1E002070B50500B5
:10645000FFF7B8F9002800D170BDFFF7BBF900289D
:10646000FAD1C8236B43124CE618F1780029F3D017
:1064700010331C19200000F0FFFD3F28ECD900204C
:10648000F178FFF795FE0028E6D0200000F0F4FD3B
:106490003F2808D9074BEA01D218F17840230020A1
:1064A000FFF7AEFED8E7F1780020FFF795FED3E7BF
:1064B000341E0020B01D002010B50400FFF782F943
:1064C000002801D1002010BDFFF784F90028F9D180
:1064D000C8226243024B01309B181B791840F2E737
:1064E000341E0020C82310B543430248181800F09A
:1064F000A5FD10BD441E0020F0B5C824C64680236B
:1065000044431F4F1034050000B53C195B029A420A
:1065100000D31C4A200092B200F012FE8046FFF722
:1065200051F9002803D1404680BCB846F0BDFFF7C2
:1065300051F90028F7D1C8266E43BE19F378002B15
:10654000F1D0200000F098FD3F28ECD90020F17830
:10655000FFF72EFE0028E6D0200000F08DFD3F283A
:1065600008D9094BEA01D218F17840230020FFF73F
:1065700047FED8E7F1780020FFF72EFED3E7C046AC
:10658000341E0020FFFF0000B01D0020F8B50600FB
:10659000FFF718F9002801D10020F8BDFFF71AF91C
:1065A0000028F9D1C82474432500134F2435ED1970
:1065B000280000F043FD0028EED03F190020B978F4
:1065C000FFF7F6FD0028E7D00C4BF401E41821009A
:1065D0002800402200F0B4FDB978051E08D0030061
:1065E00022000020FFF70CFE0028D5D02800D4E7B9
:1065F0000020FFF7F1FDCFE7341E0020F01D002042
:1066000070B5C82444430C4B0500E41880235B029A
:106610009A4200D3094A200092B200F059FE0600C7
:10662000200000F00BFD3F2801D8300070BD28008D
:10663000FFF7ACFFF9E7C046581E0020FFFF00003F
:10664000C82310B543430248181800F015FD10BDCB
:10665000581E0020F0B50025184C83B0C822002138
:106660002000FCF747FC164B21001D70FF236371CF
:10667000E1235B02A360200008234022A37338318A
:106680000095073B103000F0A3FC270001232100F8
:1066900020002600402278310093B837243000F0E3
:1066A00097FCC0363800FAF7EDFC3000FAF7EAFC48
:1066B000E56127622663656303B0F0BD341E0020E8
:1066C000301E00200B4B196B00290AD01A6A002AD1
:1066D0000DD000221A621A63DA6100225A63012087
:1066E00070471A6A002AFAD0D9611962F7E71A636B
:1066F000F3E7C046341E002070B50F4C0522002180
:106700002000FCF7F7FB0D4D2B78DA0707D50C4C72
:106710009B070CD50121200000F0B6FE70BD2000C3
:10672000103000F091FE2B78054C9B07F2D420002E
:1067300000F08AFEEEE7C046341E0020301E002026
:10674000581E0020F0B54B79060083B0022B02D111
:106750008B79022B03D00025280003B0F0BD214F18
:10676000BB78002BF7D18B7809253B700C780C197E
:106770006378242B0BD1082A02D80FE0AA420DD34C
:106780002378E4185D196378ADB2242BF6D0052B7D
:1067900008D0042B02D163790A2B11D00020FFF717
:1067A00055FED9E721003000FFF7E8FC0028D2D0E1
:1067B000A3787B7023785D19E4186378ADB2E8E7BD
:1067C000094B277801930133009302220223300002
:1067D000E119FFF785FC0028BDD00E35ED19ADB2EB
:1067E000DCE7C046341E0020361E0020F8B56023CA
:1067F00014001278050013400020202B07D1304AE6
:106800006379277916781B023B439E4200D0F8BD7E
:106810006378222B1AD007D8202B34D0212BF6D125
:1068200001293ED00120F2E7232BF0D1012940D0ED
:106830000329F7D1234B002BF4D0E178A378090288
:106840000020194300E000BF0120E0E7012930D01B
:106850000329E7D101252E00A378E4780239240228
:106860001C431471264024321000714000F00CFECD
:10687000154B002BD6D06208002031002A4000E0E2
:1068800000BF0120C3E701290BD00329CAD10F4B58
:10689000002BC7D0083200201100FEF797FA012024
:1068A000B5E7072321002800094AFFF7E5FC01208E
:1068B000ADE721002800FFF7C9FC0120A7E7C0468B
:1068C000341E00200000000000000000CD4D00102C
:1068D0003C1E0020F0B54F464646D646364DC0B564
:1068E000EA781F0080460C00AB788A423BD08B428E
:1068F00010D00020E0BCBA46B146A846F0BD2F4BF0
:10690000002B04D02E4800F0AFFB002851D000200F
:10691000FFF79CFDAB78A34201D00120EAE7294BA9
:10692000002B02D0002000E000BF0020FFF72EFE69
:106930000028F2D1244C200000F080FB0028ECD18C
:10694000002FEAD0BF06E8D1243C4046A178FFF7EB
:106950002FFC0028E1D0002300224046A178FFF759
:106960004FFC0120C6E710239A46184EAA44310076
:106970005046BAB200F0ACFC154B002BBFD06B797F
:10698000FF2BBCD0002FBAD0F219914603E001369C
:10699000B145B4D06B7932789A42F8D1504600F0C4
:1069A00063FB0028F3D15346103B597900E000BF48
:1069B000EDE700E000BFAAE7341E00200000000061
:1069C000441E002000000000581E0020B01D0020C2
:1069D000000000009322F0B5134C85B00021200088
:1069E0009200FCF787FA23002000802640270F4DF5
:1069F0004D337600FF3329300295009300220023A7
:106A0000002103970196FF3000F0D6F94035201D94
:106A10002834002301220021039702950196009457
:106A200000F0CAF905B0F0BDF82000207820002061
:106A300010B5054C200000F0F5F920002538FF388E
:106A400000F0F0F9012010BD2022002070B5084CA4
:106A5000002520003130FF30257000F0F5FC2000CB
:106A60000C3000F0F1FC2A23FF33E554657170BD52
:106A7000F8200020F8B557464546DE464E46E0B5BC
:106A80004B7980460F00FF2B27D1424B0C7899465B
:106A90002A234946FF33CB5C002B1ED14E79002EB2
:106AA0001BD1BB783C190B703B79002B12D098237B
:106AB0005B004B449A460C234B449B46A5186378D5
:106AC000052B05D110E02378E4186378052B0BD053
:106AD000A542F8D8E01B80B200E00020F0BCBB4625
:106AE000B246A946A046F8BDA542F3D921004046CA
:106AF000FFF744FB0028F0D0A3780136F6B2DB099B
:106B0000012B29D0504600F09FFC2A234946A27849
:106B1000FF33CA54637922791B0213431E4A5B0573
:106B200094465B0D942163445A4253414A460220E5
:106B30004900525C5B00824313434A46535451461A
:106B40004046083900F0D6F90028C6D02378E4186A
:106B50003B79B342B3D8BDE7584600F075FC5A46BE
:106B6000A3780C3A5371637921791B020B430A49CC
:106B70005B058C465B0D634459424B410220117901
:106B80005B0081430B43594600200839137100F024
:106B90007FF9DBE7F820002000FEFFFF70B505005D
:106BA0002A201F4CFF30205C1E006379884203D0EE
:106BB00000208B421DD070BD9A235B00E35A002B4E
:106BC0000DD1184B002B04D000201749B2B200E0C1
:106BD00000BF2800154900F08DF90120EBE72000E7
:106BE000962331305B00E158B2B2FF3000F070FB09
:106BF000E7E70F4B002B04D031040020090C00E024
:106C000000BF0C4C2800210000F042F90028E4D11C
:106C100032002100280000F007F90120CBE7C04630
:106C2000F820002000000000782000202022002012
:106C300000000000FC20002000B5030083B0002904
:106C400010D00020012B07D80A78002A04D00B4866
:106C5000C2540120012A01D003B000BD1800FEF784
:106C6000C1FDF9E7012301A900200B80FEF7BAFD61
:106C70000028F1D00122014B1A70EDE7501F0020CF
:106C8000037870B5DB0704000E00DD0F002B17D171
:106C900003785B0701D5280070BD0121300049420F
:106CA00008F0FAFA2378DB07DD0F002B0AD12378EE
:106CB0005B0708D40422237801251343237002E0E4
:106CC0000025E8E70025300008F0BEFAE3E7C046FB
:106CD00070B50C00012106004942200008F0DCFAE2
:106CE00033785B07DD0F002B04DB200008F0ACFAE3
:106CF000280070BD3378DB0704D404223378934333
:106D00003370F2E70025F0E7437902791B02134361
:106D1000C2785B0592075B0D920F022A1DD0032AF1
:106D20000CD00020012A08D102394A425141124AAE
:106D30009446614499424041C0B2704702394A1EAC
:106D400091410E4A494211408022D20094460020CF
:106D5000614499424041C0B2EFE7022905D00020CA
:106D600040229A424041C0B2E7E7054A98184342A0
:106D70005841C0B2E1E7C046FF03000040FCFFFFFE
:106D800000FEFFFF8A1870B5914207D27F264C782B
:106D9000052C04D00C7809198A42F8D870BD34004B
:106DA0008D782C4064000419ED0963550C7809199D
:106DB0008A42ECD8F2E7C046F0B5C64600B582B0CC
:106DC000150008AA40CA040017880BAA12880120DF
:106DD00090460A002178024081432000114321702F
:106DE0003A00009331000123083000F0F1F8002E42
:106DF00001D0002F08D10A9B0120636043466380C5
:106E000002B080BCB846F0BD26001C363000FAF750
:106E100039F90023002D01D0330000266361A661FB
:106E2000E9E7C04601207047F8B502240B78070057
:106E30001C4063425C41144B64421C40134B0800ED
:106E40009C4608300D001600644400F0F7F8002856
:106E500007D1002E05D0344203D101242B781C42E7
:106E600001D00020F8BD38006978FFF7A1F90028AB
:106E7000F7D02B781C42F4D1002300223800697827
:106E8000FFF7BEF9EEE7C04640FEFFFFFF0100003E
:106E9000F8B50D000835060028000C0000F0CEF80B
:106EA000002803D0012723781F4201D00020F8BD1D
:106EB00030006178FFF77CF90028F7D0280062885D
:106EC000616800F03DF92378051E0BD01F42EDD11B
:106ED0000300626830006178FFF792F90028E5D07E
:106EE0002800E4E71F42E1D130006178FFF774F930
:106EF000DCE7C046F8B5CE46474680B58A8905002E
:106F00000C000B78002A07D101261E423FD000203A
:106F1000C0BCB946B046F8BD9B0734D5FE238026D9
:106F20001B029946B60027000837380000F0A4F885
:106F30008642ECD80122237890461A42E7D12800F5
:106F40006178FFF735F90028E1D0380000F094F8B7
:106F5000864231D84146237862881942D7D14B46C0
:106F60001840061C904200D9161CB6B20022617867
:106F7000002E00D0626833002800FFF741F9002896
:106F8000C5D03000C4E7114B40269946CBE749787D
:106F9000FFF70EF90028BAD0227863881642B6D1DE
:106FA00000226178002B00D062682800FFF728F9E2
:106FB0000028ACD06088ABE7424623781A42A6D1BD
:106FC00028006178FFF708F9A1E7C046C0FF00007C
:106FD000F0B5C64600B5040006A8057880208846AE
:106FE00017001E000002824226D8E068002803D065
:106FF0000121494208F050F92069002803D00121FD
:10700000494208F049F94346236073045B0CED03E1
:107010001D430023E0686381A780E5802381002869
:1070200001D008F011F92069002801D008F00CF90E
:10703000012080BCB846F0BD0020FAE710B50489F5
:1070400041898288A3B288B28C4207D31B1A9BB2B3
:10705000101C9A4200D9181C80B210BD5100091AA8
:107060005B189BB2F4E7C04603894089181A434273
:107070005841C0B27047C04610B504894189828822
:10708000A3B288B28C4207D31B1A9BB200209A424B
:1070900001D9D21A90B210BD5100091A5B189BB2E7
:1070A000F4E7C04670B5040000690E00002803D064
:1070B0000121494208F0F0F825896089A288A9B227
:1070C00083B285422CD3CD1AADB2002D2ED0AA4268
:1070D00008D2914230D3891A8BB263819A4203D885
:1070E0009B1A9BB29A42FBD9E28821685204520C47
:1070F00053433000C918FBF703FF63890125591C6E
:1071000089B2A2888B4213D900215200891A89B210
:1071100020696181002801D008F096F8280070BD30
:107120005500ED1A4D19ADB2002DD0D1618989B24B
:1071300052009142ECDBE9E789188BB26381CDE71D
:10714000F0B546464F46D646C0B5060000698946AA
:107150009046002803D00121494208F09DF831896A
:107160007289B5888BB294B2914254D31F1BBFB2BF
:10717000002F4AD0BD4205D2AB4251D25B199CB21E
:107180002F0074814346B8453DD89FB2A54203D82D
:10719000641BA4B2A542FBD9F28831685204520C98
:1071A000904662432B1B9BB2891842469F4225D9C9
:1071B00053439BB21A0048469A46FBF7A1FE43464A
:1071C00048467D1B64195C4331685044A2B2FBF70A
:1071D00097FE7189B588CB199BB26A00994216D97E
:1071E0009B1A9BB230697381002801D008F02CF8FB
:1071F0003800E0BCBA46B146A846F0BD48467A43DE
:10720000FBF77EFEE5E73B1CBFE773899BB26A0094
:107210009342E7DBE4E76F003F1BDF19BFB2A7E74C
:107220005B1B9CB2ACE7C046F8B50400C0680E001A
:10723000002803D00121494208F02EF82589208931
:107240006189A288ADB283B28FB2884229D3DB1B99
:107250009BB29A4209D8E779FF0906D1E068002875
:1072600001D007F0F1FF3800F8BD95421ED32B0086
:107270009B1A9BB29342FBD2E28820685204520CC4
:1072800053433100C018FBF73BFE6B1C9BB2A28836
:107290009D4218D9002352009B1A9BB201272381DB
:1072A000DCE75100C91B5B189BB2D2E72B00E288D8
:1072B00020685204520C53433100C018FBF720FEE3
:1072C0000135A288ABB252009342E7DBE4E7C04647
:1072D000F0B557464546DE464E46E0B5140005007B
:1072E0000F0083B0002A75D0C068002803D00121A8
:1072F000494207F0D1FF2E89E9796A89AB88B6B295
:1073000092B2C90945D1964200D36DE059008A1A5C
:10731000B21892B2002189469A4234D29A1A111CAC
:1073200092B2A24200D9211C8AB29146EA88520444
:10733000520C90464A46B21892B292464A46D21A27
:1073400092B2934634009E4203D3E41AA4B29C4204
:10735000FBD24246624328681B1B9BB28018424600
:107360004B4554D34B4639005A43FBF7C9FDAB8814
:107370005B00564501D89A4503DB5246D31A9BB2AF
:107380009A4653462B81E868002825D007F05CFF19
:1073900022E0E9884904490C88469C4227D296425B
:1073A00047D3B11A89B28C465800E11A89B28B468C
:1073B00061460919814208DBD11889B20E1BB6B2A9
:1073C0008A46B2423BD9361AB6B2A21992B2924656
:1073D000A146B7E700239946484603B0F0BCBB4638
:1073E000B246A946A046F0BDB21A92B292E7002179
:1073F0008946002BC7D04146E41A4C431600D118E9
:10740000002289B28A46994693463F199AE7534328
:107410009BB21A0039005C440193FBF771FD4146B1
:1074200022004A43019B286892B2F918FBF768FDD5
:107430009DE75800811A711889B28C46B5E7A146BC
:10744000B04200DD7EE7BEE710B50400C06800284A
:1074500003D00121494207F01FFF2069002803D013
:107460000121494207F018FF0023E068638123816E
:10747000002801D007F0E8FE2069002801D007F0BD
:10748000E3FE012010BDC04670B50400C0680D00C9
:10749000002803D00121494207F0FEFE20690028A0
:1074A00003D00121494207F0F7FE7F21E379ED0186
:1074B0001940E0682943E171002801D007F0C4FEBB
:1074C0002069002801D007F0BFFE012070BDC04632
:1074D0000EB470B581239DB06A46002521AC9B0097
:1074E00040CC93821B950290069003F05BFC0B4B03
:1074F0006A460A9301235B42D382094B03900790AB
:107500003200186802A923000E951395019400F02B
:10751000FFFE1DB070BC08BC03B01847ED9400100E
:10752000181000200CB4F0B581239DB06A460026E7
:1075300022AC05009B00080080CC9382029106914A
:107540001B9603F02FFC0B4B6A460A9301235B4208
:1075500003900790D382280023003A0002A90E96D8
:107560001396019400F0D4FE1DB0F0BC08BC02B02C
:107570001847C046ED9400100323CAB2F0B503408B
:10758000002A35D00324002B2DD1FF230B401D02F0
:10759000ED182B04ED182C000168264E4C408B1979
:1075A0008B43A119A143244E0B43334211D14168AF
:1075B000204F0C00CB196C408B43E119A1430B43C6
:1075C00004303342F3D00378002B05D09A4204D024
:1075D00001300378002BF9D10020F0BD9342FCD09C
:1075E00001302042D1D00378002BF7D10020F4E7FE
:1075F000002B08D0032202E00130104203D00378B0
:10760000002BF9D1E9E702680A4B0B49D3189343E1
:107610000B4206D14268074B0430D31893430B4208
:10762000F8D00378002BD8D043780130002BFBD161
:10763000D3E7C046FFFEFEFE80808080F0B5C646E0
:1076400000B50C228B5E07000C001A0751D4802570
:107650004A682D011D438D81002A00DC6CE0A66A7A
:10766000002E42D03A68E169904600223A60DB047D
:1076700067D4002201233800B0470200431C00D128
:107680006EE00C23E55EA66AE1696D0706D56368C6
:10769000D21A236B002B01D0E36BD21A00233800DF
:1076A000B047431C4FD139680C22A35E1D2962D814
:1076B000324ACA40D2075ED5314A1A40A28100221E
:1076C000626022692260DB0401D5002946D043466E
:1076D000216B3B60002908D023004033994202D03F
:1076E000380000F02BFD00232363002080BCB84647
:1076F000F0BD0E69002EF8D00D680022AD1B0E60A3
:107700009B0700D14A69A260002D04DCEDE7361822
:107710002D1A002DE9DD636A3200984638002B00EF
:10772000E169C0470028F2DC4022A38913431BB261
:107730000120A3814042D9E7CA6B002A00DD8EE711
:10774000D3E7226DA1E70C22A35E0D4A1A40A28165
:107750000022626022692260DB04B8D52065B6E7AA
:107760003B68002B00D18CE71D2B01D0162BDBD101
:1077700043463B60B9E740221343D9E7010040206C
:10778000FFF7FFFF70B504000D00002802D0436B27
:10779000002B09D00C22AB5E0020002B03D0290067
:1077A0002000FFF74BFF70BD02F07EFAF2E7C04603
:1077B00070B5041E15D00E4B1D68002D02D06B6BEA
:1077C000002B0AD00C22A35E0020002B00D170BD3C
:1077D00021002800FFF732FFF9E7280002F064FAE1
:1077E000F0E7044A0449054804F01AFEEFE7C046F2
:1077F0001810002050150020857700102010002060
:10780000F0B54746CE4680B51D00554B04001B68B9
:107810000E001700984683B0002B03D05B6B002B43
:1078200000D186E0022F05D0012F00D985E0002D80
:1078300000DA82E021004046FFF7A4FF216B002917
:1078400008D023004033994202D0404600F076FC35
:10785000002323630023A36163600C22A35E1A0646
:1078600048D4404A1340A381022F4ED001AB6A4650
:107870002100404605F0CCFEA3890343A381002DDF
:1078800023D0002E22D043465B6B002B2BD00C2242
:10789000A35E009AAA4203D0802212011343A3815F
:1078A000012F02D101221343A38108221100266077
:1078B0002661656119401A4219D0DB0736D50023CD
:1078C0006D420020A360A5612BE0009D2800FBF71E
:1078D000F7FA061E34D08022A3891343A3814346BE
:1078E0005B6B002BD3D1404602F0DEF9CFE70020DE
:1078F000A16016E04046216900F020FC0C22A35E46
:10790000184A1340A381022FB0D100200222134352
:10791000A3810023A3602300433323602361012359
:10792000636103B0C0BCB946B046F0BD0020A5609D
:10793000F7E7404602F0B8F974E701204042F0E76B
:10794000009B9946AB4205D01800FBF7B9FA4D46AB
:10795000061EC0D101200C22A35E4042D6E7C046DD
:10796000181000205CF3FFFFF0B5D6464F464646A0
:107970008146C0B58A4616001D00012A44DD002854
:1079800002D0436B002B41D05746013E0DE06B689F
:1079900038001B1B6B602B6822001B1941462B60B3
:1079A000FBF7AEFA3F19361B2BD06B68002B06D1C4
:1079B0002900484601F03AFE002820D16B682A6869
:1079C000340090469E4200D91C0022000A21404605
:1079D00004F0ECFC0028DAD043460130C41A6B688E
:1079E00022001B1B09C541463800FBF789FA00231A
:1079F0003B555046E0BCBA46B146A846F0BD574597
:107A000002D000233B70F4E70020F3E702F04CF9CA
:107A1000BAE7C04610B504001300034A10680A0014
:107A20002100FFF7A1FF10BD1810002070B50B0C4E
:107A30000024150C002B28D1002D3CD18BB291B223
:107A4000594300F047F8051E33D00300083B5A683D
:107A500003239A43043A242A12D80300132A0AD98A
:107A60000460446008331B2A05D98460C460242A5A
:107A70002AD00300103300221A605A609A6002E094
:107A80000021FBF737FA280070BD002D16D1151C18
:107A900089B292B24A43ADB29BB26B43110C5B18F0
:107AA000190C0BD1190492B2114300F013F8051E02
:107AB000CBD10025E7E72B1C0D1CE9E706F002FB04
:107AC0000C2300250360DEE70300046118334461E2
:107AD000D1E7C046F0B54E464546DE465746E0B5CE
:107AE0000D000B35060085B0162D27D8102900D9BA
:107AF000DAE001F0D7FF102518230221C84FFB1848
:107B00001A005C68083A944200D147E10322636896
:107B1000A1689343E268CA6091600121E3185A6842
:107B200030000A435A6001F0BFFF2000083005B062
:107B3000F0BCBB46B246A946A046F0BD07239D4314
:107B400000D5B1E0A94200D9AEE001F0ABFFFC23C3
:107B50005B009D4200D296E1690A00D1A8E00429A9
:107B600000D950E138239846A90988443931CB001F
:107B7000082252429446AA4FFB189C446346DC6894
:107B8000A44514D0032399460B0061469C4607E0A8
:107B9000E068002A00DBFBE0814200D1FCE0040049
:107BA0004A46636893435A1B0F2AF1DD41463A0067
:107BB0003C690832944200D1D9E0032063688343D2
:107BC000581B0F2800DD62E13A617A610028A4DACF
:107BD0007A68904680229200934200D3E4E0DA086B
:107BE000580901238340404618438046D300DB19DF
:107BF0009A687860E360A2609C60D46001208B107A
:107C0000984040455CD8434603420AD10323994338
:107C1000434640000431034203D140000431034293
:107C2000FBD00323B3469C460E00B8460190F000FB
:107C300040440100B246CB680BE064465A681F001E
:107C4000A243DB68541B0F2C00DDEFE0002C00DBAF
:107C500009E19942F1D101239946CA4453460831BA
:107C60009B07E8D1032205E003680838013E834200
:107C700000D003E23242F7D14346019A5B68934356
:107C800042465360019A520001929A4216D8002A45
:107C900006D113E004229146019ACA44520001928F
:107CA0001342F7D05646C2E70C23002033603EE76C
:107CB00080233F22402190469B0059E75E4647467D
:107CC0000322BC68636893439A46AB4202D35A1BB3
:107CD0000F2A4FDC230053440293524B082099464D
:107CE0001B6810335B19019301F0DEFB4E490390D2
:107CF0000B688B46013306D08446019B4242013B10
:107D00006344134001933000019904F069F80300C3
:107D10008046013300D1D8E0029B834200D9D2E0F3
:107D20004B4601995A688C46624403995A60029BFB
:107D300010000139434500D0E5E043460B4200D036
:107D4000E1E0BB6801219846634653440B4341463A
:107D50004B604946C96A914201D24946CA624946C6
:107D6000096B914201D249460A634446AFE07B6801
:107D7000984643E7012329001A43194365196160B6
:107D80003000BD606A6001F08FFE20000830CEE652
:107D9000A268D0608260C0E6614608E7DC68023114
:107DA000A34200D103E7B1E65A0A042A00D883E0CF
:107DB000142A00D908E110005B3082465C32D20000
:107DC000082040428446BA189444624692680B30B8
:107DD0008146944500D1DFE00800A2466146844612
:107DE00002E09268914204D04C465068A043984209
:107DF000F7D8D368614654469C466346A260E36068
:107E00009C60D460FAE614296ED9542900D9E4E0C4
:107E10006E239846290B88446F31CB00A8E6C046F4
:107E200048110020A41A002040110020BA46012069
:107E30005146844649190543504645608568474682
:107E40006046EB605E469D60534639617961204330
:107E500008374860CF6030008F609C5001F024FEEE
:107E60005046083063E6BA4601205E4652445168E7
:107E700001435160BA683000D3609A6001F014FE8B
:107E80003800083053E62B00E908083336E661195C
:107E9000884601218C460D43414665603961796110
:107EA000CA608A60624602434A60E050300001F0D6
:107EB000FBFD200008303AE69A09100039323830CC
:107EC0008246D2007CE7BC4214D0BC6863680322BF
:107ED00093435A1BAB4202D30F2A00DD4AE730001E
:107EE00001F0E2FD002022E65B23984688445C31E5
:107EF000CB003DE64B465868019B9C464B46604490
:107F00005860039B591E5B461B68013370D0434683
:107F1000029A9B1A4A461B18536007234246404662
:107F20001A400292184240D00398013384469B1AAB
:107F3000019A98444244019263440A409B1A1940B2
:107F400030008B4603F04CFF431C77D04346C01AE9
:107F500003005B4401934B465A6801205A445A601F
:107F600043464146BB60019B03434B60BC4200D18A
:107F7000EFE653460F2B3FD907210C3B8B4361683B
:107F80000140052019436160E118486088600F2BAB
:107F900049D843465B68DCE653469810012383408A
:107FA000404618438046786027E7019B039A434484
:107FB0000B40D31A194030008B4603F011FF431CCD
:107FC000C4D100239B46C6E7542A17D81A0B1000C9
:107FD0006F326E308246D200F2E6AA235B009942ED
:107FE00017D8DD3B9846E90B88447831CB00BFE5D4
:107FF0005B4642461A6090E7486070E7AA2040005E
:10800000824226D8DA0B1000783277308246D200CE
:10801000D6E61C4B994226D87C239846A90C884466
:108020007D31CB00A4E521003000083100F086F856
:108030004B465A68BB6898465B688AE6019A029B81
:1080400094464246083B63449B1A019300239B4697
:1080500081E70C4882420CD89A0C10007D327C30AB
:108060008246D200ACE6FE237E227F2190469B0012
:108070007EE5FE227E2092008246A1E643465B68B2
:1080800000E6C04654050000F0B5C646060000B53F
:1080900008200D0001F008FA0400300001F002FD94
:1080A000234B210098469B685F6803239F43380059
:1080B0001138401B0019F9F773FF451E6543AC42A8
:1080C00008DC0021300003F08BFE43469B68DB197F
:1080D000984206D0300001F0E7FC002080BCB84692
:1080E000F0BD3000694203F07BFE01300ED001226A
:1080F00043467F1B9B6817430E4A5F60136830003E
:108100005B1B136001F0D0FC0120E7E70021300089
:1081100003F066FE43469A68831A0F2BDADD064C9D
:1081200004492468001B086001210B435360D1E718
:1081300048110020A81A002040110020F8B5CE46B2
:10814000474605000C0080B5002957D001F0AAFC75
:10815000012321009C460839486862460300032435
:108160009343CF187A68654EA243B468BC4200D1ED
:1081700070E0BC18A14664467A60044221D10868C8
:10818000091A1B1888688046484640682040340019
:1081900008348146A04551D04046CC68C460A060F8
:1081A0004846002811D19B185548BA68824200D130
:1081B0007FE0F868D060826001221A434A60CB50A9
:1081C00007E0484640682042EDD062461A434A60C4
:1081D0003B6080229200934214D2DA0858090123AE
:1081E0008340706803437360D3009B199A68CB6027
:1081F0008A609960D160280001F056FCC0BCB94685
:10820000B046F8BD5C0A042C3DD89C0920003934E6
:108210003830E40034192268083C0327944203D123
:1082200040E09268944203D05068B8439842F8D82E
:10823000D468CC608A60A160D160DCE7002858D1A6
:10824000B868D218FB68C3609860634613434B60FC
:108250008A50D0E79A186346034206D10B68C91AC0
:108260008868D218CB68C3609860012313434B60C1
:10827000244BB1601B689342BDD8234B280019687A
:10828000FFF702FFB7E7142C07D9542C1AD81C0BA0
:1082900020006F346E30E400BCE720005C345B30BB
:1082A000E400B7E7012380108340706803437360E4
:1082B000BFE7D1609160CA608A6001221A434A60B8
:1082C000CB5098E7AA225200944205D8DC0B20003C
:1082D00078347730E4009DE70C4A944205D89C0C32
:1082E00020007D347C30E40094E7FE247E20A4004E
:1082F00090E762461A434A603B607CE748110020E1
:108300005011002044110020A41A00205405000040
:10831000F0B54E464546DE465746E0B5160080228B
:108320000D00CA4C9201A544099302900C23C95E2A
:108330006B6E114204D10A43AA81C54A13406B6691
:108340009B0400D573E0337801361393002B01D1E1
:1083500000F01FFF002293460B92089206920592AE
:10836000BC4A9246BC4A0A9252460821D25C11424B
:1083700023D1252B0ED100230027180032781300BB
:10838000253BDBB2711C532B0DD80A9C9B00E35894
:108390009F460E006B68002B3DDD2A68731E117826
:1083A0001B7899422DD00598B1239B009D44F0BCC9
:1083B000BB46B246A946A046F0BDB04608245F467B
:1083C00056466B680AE02A681378F35C1C420DD0AD
:1083D0006B680132013B01376B602A60002BF2DCD5
:1083E0002900029802F04CFD0028ECD0B246464627
:1083F000BB460396039A1378561C1393002BB3D1F4
:10840000D1E76B680132013B6B6001239C462A6017
:10841000E3440396EEE72900029802F031FD0028BC
:10842000BBD0059B002B02D0AB895B06BBD50123DB
:108430005B420593B7E78F233B42B4D183001B18FF
:108440005B009818303872780E0098E78146042651
:1084500003916B68002B00DDF1E12900029802F026
:108460000FFD0028DDD17B0600D4E8E1032E00D10A
:1084700012E2042E00D055E2029803F0F5FF0368E3
:10848000F0240E934B46AE22E400013B3C435200E5
:10849000934201D800F01AFC5D3BFF3B11935E2331
:1084A000FF33994600230026984610930F930793B5
:1084B0000D9358AB1F000C93684B049333004E464A
:1084C00099462A6811780B002B3BDBB24E2B03D860
:1084D00004989B00C3589F460E9B1B788B4217D174
:1084E00080239B001C4213D05D4B1C40079B0D93C7
:1084F0003970013E013701239C466B68E344013B20
:108500006B60002B00DC05E201322A60002ED8D11E
:10851000079B4E46002B52D0524B1C404FE0230588
:10852000F6D543464B44002BF2D14F4B1C40002361
:1085300099469846DCE72305F3D4A0238020DB008E
:108540002340C000834204D00442E1D0079B002BAB
:1085500032D080239B001C4204D1079B0D981097BA
:108560001B1A0F93414B2340C02464001C4300237B
:108570000793BDE74B46072BCAD108239946B7E7B7
:10858000230503D543464B44002BCED04346012B55
:10859000BED102239846ABE74B46002B00D0BDE28C
:1085A000079B002B00D08FE3E0232000DB00184066
:1085B000984201D100F0F1FD00234E460793434657
:1085C000013B012B01D800F040FE731E062B01D8A1
:1085D00000F000FDE30500D4A9E2630501D500F039
:1085E00045FE01237E1E5B4231785B449846652937
:1085F00003D0452901D000F043FD2A00029802F083
:10860000FFFB10231A00C3462240234200D0F1E6AC
:1086100032700F9B002B01D000F061FD00220C99FD
:10862000029804F09DFE099A0600131D0F0098465B
:10863000E30701D400F004FD13681E605F60059B32
:108640000133059343460993D4E6C0463CFDFFFF42
:10865000FFDFFFFF5D07011074030110C404011068
:108660007FFDFFFFFFFEFFFF7FFEFFFF7FF0FFFFAD
:10867000230504D543464B44002B00D155E74B4618
:10868000022B00D044E70323994631E7802323429D
:1086900000D13DE79C432BE7982380201B0123401A
:1086A0004000834200D033E7079B012B00D02FE727
:1086B000BD4B013E2340802424011C4330233B70EA
:1086C00000230137079313E74B46062B00D01FE723
:1086D000072399460CE7230500D52EE718E7434604
:1086E000002B00D014E2079B002B07D1E0232000D1
:1086F000DB001840984201D100F055FD4B46012B9C
:1087000002D0042B00D003E74B460133DBB299467D
:10871000EEE6E30500D404E780239C43079B013386
:108720000793119B002B01D000F09EFC013EE2E676
:108730008146802303919B001F439C4B03260B9390
:108740001023069385E63B0700D02CE602237278BF
:108750001F430E0013E60391FB0600D54AE6099B72
:1087600004CB790701D500F0A8FCF90701D400F08B
:1087700036FD5946116009933CE6814688230391F2
:10878000D9E781460226039163E6814618A803F0E3
:10879000CDFD4023012603901F436B68002B00DCB6
:1087A0005BE6012E00D17BE14E46002E00D1013662
:1087B00010233B400493FF0700D5F8E2049B002BF5
:1087C00000D087E2099C330002CC01220298009578
:1087D00002F076FB002800D123E6059B8344013399
:1087E0000593099406E640238146002603911F4322
:1087F000D3E70123814603911F436C4B03260B9360
:108800000823069325E681460391694B03260B93C3
:108810000A2306931DE63B0700D0C4E504237278C3
:108820001F430E00ABE56B6881460391002B01DC12
:1088300000F053FD5E4B03260B9300230693514635
:108840002A681378CB5C1B0700D40FE6B046BA4603
:1088500008245E460F0005E001322A601378FB5CB5
:108860001C4211D06B680136013B6B60002BF3DCBE
:108870002900029802F004FB002800D0D1E52A6804
:108880001378FB5C1C42EDD13B00B346464657468D
:108890009A46032E00D0ECE5D8244B46AE220021A8
:1088A0002401013B3C4352000491934205D95D3BB6
:1088B000FF3B04935E23FF33994600233D4F9846C8
:1088C00058AB1E000C933B004F4699462A6811781E
:1088D0000B002B3BDBB24D2B00D97FE048469B00C1
:1088E000C3589F463B0700D05DE572786C2A01D1E2
:1088F00000F01EFC01230E001F4340E501238146CA
:1089000003911F4381E7384300D04CE5727810276C
:108910000E0034E52900029802F0B2FA002800D1D6
:10892000F4E5F5E5012E00D1BAE0022E00D03BE7D8
:108930004B46002B01D1013B994650462A68102333
:1089400011783B40405C08210140FF0700D510E151
:10895000002B00D1E7E1002900D04BE501322A606D
:108960004A466B680124013B082657466B60012A82
:108970000FD100F08BFC2A681378FB5C1E4210D1EB
:108980006B680132013B01346B602A60A14500D164
:10899000E2E3002BEFDC2900029802F071FA0028D4
:1089A000E9D0BA46A34425E5FFFEFFFF25DF00100E
:1089B0004994001000060110069B0A2B0EDDC74BE0
:1089C0001C40317001366B68013B6B60002B60DD31
:1089D00001322A60013F002F00D077E7E30507D579
:1089E0000C9B9E4200D984E30C9B9E4200D1DAE4AA
:1089F00010231A002240234211D10B9F3270069B94
:108A000000220C990298B847099A171DA30600D4B2
:108A1000FFE213681860059B0997013305930C9BCF
:108A2000F61A4644B344E5E40698AD4B4000C35EF5
:108A30000693AA4B1C40C4E7C0238020DB002340E0
:108A400080008342CAD1A74B2340A024E4001C43EA
:108A500010230693B5E780232342BFD09C43B0E7A1
:108A600006989F4B4000C35E0693082BA7DCB5E732
:108A70002305A6D5069B002B05D180239B001C4314
:108A8000F93BFF3B0693630500D497E2964B1C40ED
:108A900097E72900029802F0F3F900289AD09DE7A1
:108AA0004B46002B01D1013B994610233B400C93D0
:108AB000FF0700D5EAE12A680C99137818ACE35C4B
:108AC000002900D1BAE0002B00D16CE401322A6009
:108AD0004A466B680126013B6B60012AA2D04F46D3
:108AE0000CE02A681378E35C002B9BD06B680132A2
:108AF000013B01366B602A60B74293D0002BF0DC5B
:108B00002900029802F0BCF90028EAD0B34471E4CD
:108B1000022B00D0F2E503239846E9E4FD20033B55
:108B2000034200D0F4E40433DBB29946E0E41023BE
:108B30001A002240234200D05CE4C0233A70802215
:108B4000DB002340D200934200D062E50D9B079AE0
:108B5000934200D162E59A1A10A98C46634B634494
:108B60009F4201D3624F674438006249FBF758FDCA
:108B700054E5099F002B00D07BE204CF90460029EA
:108B800053D14C460026994604F090FDB04200D1E6
:108B900047E42B68721C04921A7858A98A5501334D
:108BA0006A682B60089B013A07916A6016AE032B36
:108BB00002D1169B042B04D0082200213000FAF7C2
:108BC00099F9049B4146079A02980096099300F090
:108BD000D3FC0890431C00D123E4002800D0BFE25E
:108BE00042461060002000F0C1FC002800D018E3CD
:108BF000049B9C46E344013C4B460026002B02D1DB
:108C000004339C46E0446B68002B00DCFAE25246D9
:108C10002B681B78D35C1B0701D4002CB4D14B46C6
:108C20000997002B01D0FFF7E5FB002342461360B4
:108C3000059B099701330593FFF7DCFB099901C9EF
:108C40008046002B01D1FFF7AEFB6B68471C013B50
:108C50006B60531C2B60137803704B46012B00D1C3
:108C600002E35B463E008B46C144049310E02B6850
:108C70001A78A25C002A00D149E26A680136013AFA
:108C80006A605A1C2A601B783B70B14500D148E2EB
:108C90006B683700002BEADC2900029802F0F0F83C
:108CA0000028E4D0049B59469B46B04501D1FFF70C
:108CB000B8FB4346F61A0022059B3A700133059330
:108CC000B3440991FFF796FB4E4625E40023119328
:108CD000FFF7E8FB0024029F19E0C0467FF4FFFF86
:108CE00038070110FFFDFFFF7FFAFFFF730200004E
:108CF0007202000064FB0010D218290038002A60BC
:108D0000E418F61A02F0BCF8002800D0F8E16B680D
:108D10002A689E42F0DCA4199B1B92196B602A60A2
:108D2000A344FFF767FB099810C80494002900D0FA
:108D3000BAE26B68661C013B6B60531C2B601378B6
:108D400022002370082398464B4634004A44012BE6
:108D500000D1A7E257469146824611E041462B6872
:108D60001A78BA5C114200D0E8E16A680134013A2D
:108D70006A605A1C2A601B783370A14500D1E3E178
:108D80006B682600002BE9DC2900029802F078F8D5
:108D90000028E3D05046BA46049BE31A9B440023C4
:108DA0003370059B099001330593FFF723FB0023E4
:108DB0009946049B002B00D172E10027B04658ACC5
:108DC00004F074FCB84201D1FFF72BFB2B687E1C2A
:108DD0001A780133E2556A682B60089B013A6A6091
:108DE00016AF032B02D1169B042B04D008220021BE
:108DF0003800FAF77FF833002200494602980097BE
:108E000000F0BAFB0890431C01D1FFF70AFB0028D1
:108E10001DD101235B429C46049BB344E044002BDC
:108E200004D14A46136004239C46E1446B68002742
:108E3000002B21DD4346002BC2D1049B5A425341F3
:108E4000059A94469C4463460593FFF7D3FA089A23
:108E5000931C0DD0B344032A02D13B68042B03D0EA
:108E600001235B429C46E044049B002BDBD0DDE702
:108E70006B683700002BA3DC2900029802F000F891
:108E80000028D7D0002FD8D0FFF7CBFA13AF002B94
:108E900000D101E10026D74BB846089F0E9304F09D
:108EA00005FCB04201D1FFF7BCFA90202B6810A955
:108EB0001A78400009188A556A680133013A2B6014
:108EC00014AB741C6A600493032F02D1149B042B0F
:108ED00004D0082200210498FAF70CF8049B4146BC
:108EE00000930298230058AA0D9400F045FB070058
:108EF000431C01D1FFF795FA002840D14346186082
:108F00000023079316AE082200213000F9F7F2FF84
:108F1000E0230E9A0298D35812A90893079A3300B7
:108F2000089EB0470026012801D110AB1E7A2022EE
:108F300010AB9B189B5D002B00D13AE1A344032F9B
:108F400026D001235B429C46E1440C9B002B02D1BE
:108F500004339C46E0446B680026002B22DD4B4620
:108F6000002B9CD1089747460C9B002B01D0FFF7A4
:108F700041FA3B60059B01330593FFF73BFA831CE5
:108F80000BD043461B6807930133BBD1079ECEE746
:108F9000049B1B68042BD4D1D7E76B682600002BF9
:108FA00000DD7CE72900029801F06AFF0028D6D096
:108FB00008974746002ED7D0FFF733FA8E4B1C4058
:108FC000049B002B02D0013B0493013701239C46F4
:108FD000E044F8E4022E00D86FE1032E01D1FFF740
:108FE000F9FAA0463C00013C2A002178029801F0E1
:108FF00007FFA319DB1BDBB2032BF4D1043EF6B24F
:10900000F343FF185B46013B9B1B44469B46FFF71F
:10901000E1FA630749D4E30700D5B6E0A40700D41A
:10902000B3E0764B0B9A9A4200D134E10022069BC2
:109030000C99029803F092F8099B1B6803C3EAE4B9
:10904000099B1B689946A40733D402000B00F9F76B
:1090500078FA002800D029E130003900F9F702FB46
:109060004B461860FFF7EBFA119B013B1193FFF79A
:1090700042FA13AA9046002900D182E5FFF7BAF917
:109080002A00029801F0BCFE02235B42BE1E5B4434
:1090900098463178FFF7B1FA099B80CB0993F9E63E
:1090A000099B04CB9146099387E6099B1B681880AE
:1090B000B1E41E605F60FFF7C2FA59460993118060
:1090C000FFF798F981460391FFF797FB4B4B8146D9
:1090D0000B930A23032603910693FFF7BAF9109F17
:1090E0000A2300220298791C00F0AEF90F9BC21AE5
:1090F00032E5013E2A003178029801F081FE73E4E6
:10910000002C01D1FFF78DF9A344FFF773F9049BFD
:1091100059469B464346F61A002E00D0CBE5FFF792
:1091200042F9049B59464F469B464346FE1AF3E7D5
:109130000223B2781F430236FFF721F9049B504601
:10914000E41ABA46A3442AE65046BA464F46049B60
:109150003E00FB1A9B4422E6BA46CB44FFF74AF98D
:10916000089B02335BD04346186800F0FFF90028E3
:1091700057D1049B9C46089BE344032B00D03AE55F
:109180003368042B00D036E536E5099B1B68186070
:1091900041E400230593FFF706F9194B1C40012316
:1091A0009946FFF7A5F9164B1C4001239846FFF797
:1091B0009FF908974746002C00D1D5E6202410AB34
:1091C0009C46FF34644427000D9E029CB95D2A0032
:1091D0002000013E01F014FE002EF7D1C3E65946EF
:1091E0001160BF0701D4FFF7C6FAC9175160099390
:1091F000FFF700F95C1500207FFCFFFF25DF001062
:109200007FF8FFFF2900029801F03AFE002800D104
:10921000FDE44B46002E01D0FFF703F900E5049E64
:10922000F1E410AA20249446049AFF344B46099E88
:109230006444002A00D1F3E4A15D2A000298013EB3
:1092400001F0DEFD002EF7D1E9E40C9CA74201D825
:10925000FFF7A9F8013F2A003978029801F0D0FD04
:10926000A742F7D1FFF79FF8012624E50C9B9F4208
:1092700001D8FFF798F8013F2A003978029801F0E9
:10928000BFFD0C9B9F42F6D1FFF78DF801239C4652
:10929000E344FFF7AFF80022069B0C99029805F013
:1092A00005F8C9E6CB447AE5049E78E50E4802F05D
:1092B00081FE4B461860FFF7C2F90C9B9F4201D814
:1092C000FFF771F8013F2A003978029801F098FD04
:1092D0000C9B9F42F6D1FFF766F8044B03260B93D5
:1092E00000230693FFF7B9F8F0F40010499400103A
:1092F000F0B557464E464546DE46E0B582460F007D
:1093000090461E00994683B0242B43D8012B41D0B0
:109310000B0008204A4D1A0014780133295D0842D9
:10932000F9D11D002D2C00D176E02B2C3ED0454BE1
:109330009B4600230193002E53D1302C00D173E0C3
:109340000A2399460A3649465846F8F729FE2B0063
:109350008C463D000200270000214C460020E146DB
:10936000AC463D00303D092D07D9113D192D03D9DB
:109370003D00613D192D20D80A35AE421DDD4F1C40
:1093800005D082422AD327D00121604328181F78B4
:109390000133E6E704F096FE16230360002003B0D5
:1093A000F0BCBB46B246A946A046F0BD1C78254B92
:1093B000951C9B4600230193BDE767464A1C21D0BC
:1093C000019A002A00D040424246002AE7D00029F4
:1093D00033D143461F60E2E7A945D5DA012149426E
:1093E000D5E7102EAFD110239946302CABD12022D7
:1093F0002B789343582BA6D110236C7899461026CE
:109400000235A0E7222251460A6042465846002A09
:10941000C5D058465F1EDCE71C7880231B069B46A0
:109420000123951C019386E720222B789343582B28
:10943000E2D008230826994685E78346E9E7C04637
:109440005D070110FFFFFF7F10B5FFF751FF10BD53
:1094500010B504001300034A10680A002100FFF74A
:1094600047FF10BD1810002010B504001300034A78
:1094700010680A002100FFF73BFF10BD1810002004
:1094800010B5034B01001868FEF724FB10BDC04661
:109490001810002010B5034B01001868FEF74EFEAF
:1094A00010BDC04618100020802310B55B010828AD
:1094B00001D1180010BD04F005FE16230360173B10
:1094C000F7E7C04670B50C000E25495F04F00AFFAF
:1094D000002803DB236D1B18236570BDA389024A96
:1094E0001340A381F9E7C046FFEFFFFF002070475C
:1094F000F8B50C001F000C23C95E05001600CB0553
:109500000AD40A4B320019402800A1810E23E15EE3
:109510003B0000F0B3FAF8BD0E23E15E0022022307
:1095200004F05CFF0C23E15EEBE7C046FFEFFFFFBA
:1095300070B50C000E25495F04F050FF431C07D0A6
:109540008023A2895B0113431BB22065A38170BDF8
:10955000A389024A13401BB2F8E7C046FFEFFFFFA2
:1095600010B50E23C95E02F0FFFC10BD10B500213E
:1095700004F0AEFD10BDC04630B5E42504000E4831
:1095800083B04559002A07D0069800902000A847CC
:10959000431C0AD003B030BD069B0021009320007D
:1095A0000123064AA847431CF4D10023069A1360FE
:1095B0008A332360EEE7C0465C150020F0F400100B
:1095C00070B51C000E4B0F4D1E68E42382B0ED58A1
:1095D000002909D0130000940A0001003000A847B8
:1095E000431C08D002B070BDE33B3000064A009433
:1095F000A847431CF6D1002323608A333360F1E788
:10960000181000205C150020F0F4001009238A894E
:10961000002010B51340092B00D010BD024B186874
:10962000FEF7B0F8F9E7C0461810002070B5050045
:109630000C00002802D0436B002B57D0002363603E
:109640000C22A35E9A065BD45A071AD4DA065AD5BE
:1096500008261E4239D104221343A3812369002B1B
:109660003FD00C23E65EB3071ED122692800636950
:10967000E169266A2260B0476060002839DD002079
:1096800070BD216B0029E9D023004033994202D0FC
:109690002800FEF753FD00232363E36B6360002B78
:1096A000DCD0A36B2360EAE701231D4AA3811D4997
:1096B0001D4802F0B5FE0923A6813340092BD4D101
:1096C00021002800FDF7BAFFCFE721002800FEF7B0
:1096D00059F8002814D1A389A060B3431BB2A0613C
:1096E000B9E72100280003F023FFBAE700F0DCFA15
:1096F000A4E70C22A35E00280BD120221343A381F0
:1097000001204042BCE709222A6040221343A38182
:10971000F6E70022626040221343A381F0E7C046CF
:10972000501500200D96001020100020F0B557466F
:109730004E46DE464546E0B50C000600170083B0F5
:10974000002900D1ACE000F0ADF908235B42994656
:10975000A1444B465B68032219003D0091430B3541
:10976000CA468846162D67D81025AF4267D8A84547
:109770006EDA4946C04841444A6800908068934682
:10978000884200D1A0E00120844610006246904348
:1097900008184068104200D077E05A460320824300
:1097A0009346C3445D454EDD6046184212D14B4698
:1097B00048461B68C31A03209B465B688343D21844
:1097C00042440092954200DCCCE0434400939D4229
:1097D00000DCCBE039003000FEF77CF9071E00D139
:1097E0001EE14B4601225B68934302004B44083A5A
:1097F000934200D1E3E04246043A242A00D9E3E050
:1098000003002100132A09D92368036063684360B9
:109810001B2A00D9DCE00300083108330A681A600B
:109820004A685A608A689A6030002100FEF786FC18
:10983000300000F039F920E00432954395D50C232F
:109840000027336019E0D846CB688A68D3609A60F5
:1098500043465F1B5346012250465B684044134019
:109860000F2F22D841460B4351464B6043681343A8
:109870004360300000F018F92700380003B0F0BC56
:10988000BB46B246A946A046F0BD1A42A2D14B46FD
:109890004A461B68D31A03229B465B68934394E7AE
:1098A0001100FEF717F90700E7E751462B43491966
:1098B000554617436B604F6043680831134343605C
:1098C0003000FEF73BFCD4E703218A43944629008D
:1098D000C44410318C4500DB84E0DB0700D579E718
:1098E0004B4648461B68C31A03209B465B6883436C
:1098F000D21842440192914200DD66E75B465A4627
:10990000DB6892685F46D3609A604246043A083743
:10991000242A00D999E03B00132A0AD95946236822
:109920008B606368CB601B2A00D993E05B460834E8
:10993000103322681A6062685A60A2689A605B46B7
:1099400001225919009B30009960019B5B1B134356
:109950004B605B465B6813405A462B43536000F0F4
:10996000A3F88AE7CB688A68D3609A605B465A4658
:10997000DB6892685F46D3609A604246043A0837D3
:10998000242A17D83B00132A09D9594623688B602B
:109990006368CB601B2A39D85B46083410332268D1
:1099A0001A6062685A60A2689A60009B3C00984600
:1099B000DA464DE72100380004F02CFBF5E70322DE
:1099C0005B689343984443E7210004F023FB2BE7B3
:1099D000A3688360E368C360242A26D003001031A3
:1099E00010331BE74B465919009B012299606346CF
:1099F0005B1B13434B604B465B68300013404A4689
:109A00002B43536000F050F8270036E7A3680B6142
:109A1000E3684B61242A10D05B4610341833BEE74C
:109A2000300000F041F8002727E72369183103616F
:109A30000300626918334261F0E623698B615B467B
:109A400062692033CA611834A9E72100380004F0A4
:109A5000E1FA74E7A3680B61E3684B61242A03D041
:109A60005B461034183364E723698B615B46626997
:109A70002033CA6118345CE74811002070B5040037
:109A8000080011001A000023054D2B60FAF754FE60
:109A9000431C00D070BD2B68002BFBD02360F9E77E
:109AA000141C00207047C0467047C0460020704715
:109AB00010B5034A0349044802F0B2FC10BDC04689
:109AC000501500200DE300102010002041680B4BC2
:109AD00010B50400994201D004F018FCA168084BAD
:109AE000994202D0200004F011FCE168054B994234
:109AF00002D0200004F00AFC10BDC046DC1A002091
:109B0000441B0020AC1B002000207047F8B5CE4657
:109B10004746344C344B354A2000002580B51A6046
:109B20000423082200215C3025606560A56065661D
:109B300025616561A561E360F9F7DCF92C4B200034
:109B4000994623622B4B2C4F98466362CC23E550F9
:109B50002A4B2B4E6367802308220021C430E55036
:109B6000A762E662A566E5662567A567E567E46125
:109B7000F9F7C0F9220084236832E2504A460433E0
:109B8000E250424620000433E2500433E7500433ED
:109B9000E6503C33E5500433E5500433E550194AB0
:109BA0005C33E550583BE2500433E5502D3004332C
:109BB000E550082204330021FF30E550F9F79AF907
:109BC0002200EC23D032E2504A460433E2504246AF
:109BD0000433E2500433E7500433E650C0BCB946C6
:109BE000B046F8BDDC1A0020D81A0020B19A001047
:109BF000C5940010F1940010319500100900010087
:109C00006195001012000200F8B5244B07001B6894
:109C1000002B3BD0224E7368B468013B03D51BE098
:109C20006834013B18D30C22A55E002DF8D120002A
:109C30001C4B08220021E36065662560A560656015
:109C400025616561A5615C30F9F754F925636563A9
:109C50006564A5642000F8BD3568002D01D02E0094
:109C6000D9E7D62138004900FDF734FF041E10D093
:109C70000423D0220560250043600C300021A06041
:109C80005200F9F737F934602E00C4E7FFF73EFFC2
:109C9000C0E70C2330603B60DCE7C046D81A0020E8
:109CA000501500200100FFFF436B10B5002B00D0C2
:109CB00010BD044B4363044B1B68002BF8D1FFF726
:109CC00025FFF5E7CD9A0010D81A00207047C0464E
:109CD0007047C04610B50020024A034902F0A0FBBD
:109CE00010BDC04650150020AD9A001010B50020E0
:109CF000024A034902F094FB10BDC04650150020F3
:109D0000099B00100FB400B5064983B004AB086886
:109D100004CB4168019301F031F803B008BC04B0F2
:109D20001847C046181000200EB400B582B003AB2F
:109D300004CB4168019301F021F802B008BC03B0E4
:109D40001847C04610B5010000230022002004F08F
:109D500059FB10BDF0B54E464546DE465746E0B5C8
:109D60009E4C1600A544099302900D004B6E0C22E8
:109D7000895E80229201114204D10A43AA81984A45
:109D800013406B669B0400D573E033780136139360
:109D9000002B01D100F01FFF002293460B92089286
:109DA000069205928F4A92468F4A0A92524608219D
:109DB000D25C114223D1252B0ED10023002718009D
:109DC00032781300253BDBB2711C532B0DD80A9C53
:109DD0009B00E3589F460E006B68002B3DDD2A6810
:109DE000731E11781B7899422DD00598B1239B00E2
:109DF0009D44F0BCBB46B246A946A046F0BDB04665
:109E000008245F4656466B680AE02A681378F35CBC
:109E10001C420DD06B680132013B01376B602A6038
:109E2000002BF2DC29000298FFF700FC0028ECD0A0
:109E3000B2464646BB460396039A1378561C1393C4
:109E4000002BB3D1D1E76B680132013B6B6001237A
:109E50009C462A60E3440396EEE729000298FFF748
:109E6000E5FB0028BBD0059B002B02D0AB895B062D
:109E7000BBD501235B420593B7E78F233B42B4D1A7
:109E800083001B185B009818303872780E0098E732
:109E90008146042603916B68002B00DDF0E1290068
:109EA0000298FFF7C3FB0028DDD17B0600D4E7E171
:109EB000032E00D111E2042E00D054E2029802F0E9
:109EC000D3FA0368F0240E934B46AE22E400013B24
:109ED0003C435200934201D800F01AFC5D3BFF3B2B
:109EE00011935E23FF339946002300269846109372
:109EF0000F9307930D9358AB1F000C933B4B0493A8
:109F000033004E4699462A6811780B002B3BDBB292
:109F10004E2B03D804989B00C3589F460E9B1B787A
:109F20008B4217D180239B001C4213D0304B1C4026
:109F3000079B0D933970013E013701239C466B68E6
:109F4000E344013B6B60002B00DC04E201322A6039
:109F5000002ED8D1079B4E46002B64D0254B1C40C9
:109F600061E02305F6D543464B44002BF2D1224B4A
:109F70001C40002399469846DCE72305F3D4A02330
:109F80008020DB002340C000834204D00442E1D0A3
:109F9000079B002B44D080239B001C4204D1079BCD
:109FA0000D9810971B1A0F93144B2340C024640084
:109FB0001C4300230793BDE74B46072BCAD1082358
:109FC0009946B7E7230503D543464B44002BCED033
:109FD0004346012BBED102239846ABE73CFDFFFF71
:109FE000FFDFFFFF5D07011060080110B0090110DD
:109FF0007FFDFFFFFFFEFFFF7FFEFFFF7FF0FFFF04
:10A000004B46002B00D0ABE2079B002B00D07DE33A
:10A01000E0232000DB001840984201D100F0DFFD72
:10A0200000234E4607934346013B012B01D800F025
:10A030002EFE731E062B01D800F0EEFCE30500D4C3
:10A0400097E2630501D500F033FE01237E1E5B42DB
:10A0500031785B449846652903D0452901D000F04A
:10A0600031FD2A00029801F00FFF10231A00C346A9
:10A070002240234200D0DFE632700F9B002B01D03C
:10A0800000F04FFD00220C99029803F069F9099A3B
:10A090000600131D0F009846E30701D400F0F2FC00
:10A0A00013681E605F60059B013305934346099367
:10A0B000C2E6230504D543464B44002B00D156E7A6
:10A0C0004B46022B00D045E70323994632E7802315
:10A0D000234200D13EE79C432CE7982380201B01BC
:10A0E00023404000834200D034E7079B012B00D07F
:10A0F00030E7BE4B013E2340802424011C43302323
:10A100003B7000230137079314E74B46062B00D022
:10A1100020E7072399460DE7230500D52FE719E728
:10A120004346002B00D015E2079B002B07D1E0230C
:10A130002000DB001840984201D100F056FD4B464C
:10A14000012B02D0042B00D004E74B460133DBB2D5
:10A150009946EFE6E30500D405E780239C43079B7F
:10A1600001330793119B002B01D000F09FFC013EAF
:10A17000E3E68146802303919B001F439C4B03260B
:10A180000B931023069386E63B0700D02DE60223AF
:10A1900072781F430E0014E60391FB0600D54BE6D0
:10A1A000099B04CB790701D500F0A9FCF90701D47C
:10A1B00000F037FD5946116009933DE6814688233A
:10A1C0000391D9E781460226039164E6814618A8E7
:10A1D00002F0ACF84023012603901F436B68002B6C
:10A1E00000DC5CE6012E00D17CE14E46002E00D161
:10A1F000013610233B400493FF0700D5F9E2049B8E
:10A20000002B00D088E2099C330002CC0122029886
:10A21000009501F0BFFF002800D124E6059B834490
:10A2200001330593099407E64023814600260391F4
:10A230001F43D3E70123814603911F436C4B032641
:10A240000B930823069326E681460391694B032668
:10A250000B930A2306931EE63B0700D0C5E50423B3
:10A2600072781F430E00ACE56B6881460391002BAA
:10A2700001DC00F054FD5F4B03260B930023069393
:10A2800051462A681378CB5C1B0700D410E6B04611
:10A29000BA4608245E460F0005E001322A601378B2
:10A2A000FB5C1C4211D06B680136013B6B60002BDC
:10A2B000F3DC29000298FFF7B9F9002800D0D2E5B5
:10A2C0002A681378FB5C1C42EDD13B00B34646463E
:10A2D00057469A46032E00D0EDE5D8244B46AE22D1
:10A2E00000212401013B3C4352000491934205D9D3
:10A2F0005D3BFF3B04935E23FF33994600233E4FB3
:10A30000984658AB1E000C933B004F4699462A686E
:10A3100011780B002B3BDBB24D2B00D980E0484677
:10A320009B00C3589F463B0700D05EE572786C2ABD
:10A3300001D100F01FFC01230E001F4341E5012362
:10A34000814603911F4381E7384300D04DE5727881
:10A3500010270E0035E529000298FFF767F900285D
:10A3600000D1F5E5F6E5012E00D1BBE0022E00D0CC
:10A370003BE74B46002B01D1013B994650462A68EA
:10A38000102311783B40405C08210140FF0700D5B5
:10A3900011E1002B00D1E8E1002900D04CE50132A9
:10A3A0002A604A466B680124013B082657466B60C9
:10A3B000012A0FD100F08CFC2A681378FB5C1E4246
:10A3C00010D16B680132013B01346B602A60A145FA
:10A3D00000D1E3E3002BEFDC29000298FFF726F918
:10A3E0000028E9D0BA46A34426E5C046FFFEFFFF99
:10A3F00025DF001049940010EC0A0110069B0A2B7F
:10A400000EDDC74B1C40317001366B68013B6B6041
:10A41000002B60DD01322A60013F002F00D076E77B
:10A42000E30507D50C9B9E4200D984E30C9B9E421A
:10A4300000D1DAE410231A002240234211D10B9FED
:10A440003270069B00220C990298B847099A171D92
:10A45000A30600D4FFE213681860059B0997013337
:10A4600005930C9BF61A4644B344E5E40698AD4BBD
:10A470004000C35E0693AA4B1C40C4E7C023802063
:10A48000DB00234080008342CAD1A74B2340A02495
:10A49000E4001C4310230693B5E780232342BFD07A
:10A4A0009C43B0E706989F4B4000C35E0693082B81
:10A4B000A7DCB5E72305A6D5069B002B05D1802395
:10A4C0009B001C43F93BFF3B0693630500D497E2D6
:10A4D000964B1C4097E729000298FFF7A7F8002841
:10A4E0009AD09DE74B46002B01D1013B99461023A2
:10A4F0003B400C93FF0700D5EAE12A680C991378DA
:10A5000018ACE35C002900D1BAE0002B00D16CE468
:10A5100001322A604A466B680126013B6B60012AC2
:10A52000A2D04F460CE02A681378E35C002B9BD046
:10A530006B680132013B01366B602A60B74293D0F1
:10A54000002BF0DC29000298FFF770F80028EAD011
:10A55000B34471E4022B00D0F1E503239846E9E40B
:10A56000FD20033B034200D0F4E40433DBB2994600
:10A57000E0E410231A002240234200D05CE4C02310
:10A580003A708022DB002340D200934200D074E571
:10A590000D9B079A934200D174E59A1A10A98C4634
:10A5A000634B63449F4201D3624F67443800624962
:10A5B000FAF736F866E5099F002B00D07BE204CF5E
:10A5C0009046002953D14C460026994603F06EF878
:10A5D000B04200D147E42B68721C04921A7858A943
:10A5E0008A5501336A682B60089B013A07916A60BB
:10A5F00016AE032B02D1169B042B04D00822002197
:10A600003000F8F777FC049B4146079A02980096C1
:10A610000993FEF7B1FF0890431C00D123E4002802
:10A6200000D0BFE2424610600020FEF79FFF0028E6
:10A6300000D018E3049B9C46E344013C4B460026B3
:10A64000002B02D104339C46E0446B68002B00DCF5
:10A65000FAE252462B681B78D35C1B0701D4002C0E
:10A66000B4D14B460997002B01D0FFF7E5FB00233F
:10A6700042461360059B099701330593FFF7DCFB06
:10A68000099901C98046002B01D1FFF7AEFB6B6829
:10A69000471C013B6B60531C2B60137803704B46C7
:10A6A000012B00D102E35B463E008B46C14404937C
:10A6B00010E02B681A78A25C002A00D149E26A688F
:10A6C0000136013A6A605A1C2A601B783B70B1451A
:10A6D00000D148E26B683700002BEADC29000298C1
:10A6E000FEF7A4FF0028E4D0049B59469B46B045E2
:10A6F00001D1FFF7B8FB4346F61A0022059B3A70DA
:10A7000001330593B3440991FFF796FB4E4625E4C8
:10A7100000231193FFF7E8FB0024029F19E0C046D5
:10A720007FF4FFFF240C0110FFFDFFFF7FFAFFFF06
:10A73000730200007202000064FB0010D2182900AE
:10A7400038002A60E418F61AFEF770FF002800D0DF
:10A75000F8E16B682A689E42F0DCA4199B1B9219F1
:10A760006B602A60A344FFF767FB099810C8049444
:10A77000002900D0BAE26B68661C013B6B60531C79
:10A780002B60137822002370082398464B46340030
:10A790004A44012B00D1A7E257469146824611E078
:10A7A00041462B681A78BA5C114200D0E8E16A6829
:10A7B0000134013A6A605A1C2A601B783370A14543
:10A7C00000D1E3E16B682600002BE9DC2900029848
:10A7D000FEF72CFF0028E3D05046BA46049BE31A4C
:10A7E0009B4400233370059B099001330593FFF7C9
:10A7F00023FB00239946049B002B00D172E1002724
:10A80000B04658AC02F052FFB84201D1FFF72BFB23
:10A810002B687E1C1A780133E2556A682B60089B0E
:10A82000013A6A6016AF032B02D1169B042B04D0A9
:10A83000082200213800F8F75DFB3300220049466A
:10A8400002980097FEF798FE0890431C01D1FFF78D
:10A850000AFB00281DD101235B429C46049BB344A4
:10A86000E044002B04D14A46136004239C46E14493
:10A870006B680027002B21DD4346002BC2D1049BCF
:10A880005A425341059A94469C4463460593FFF708
:10A89000D3FA089A931C0DD0B344032A02D13B6823
:10A8A000042B03D001235B429C46E044049B002B15
:10A8B000DBD0DDE76B683700002BA3DC29000298B2
:10A8C000FEF7B4FE0028D7D0002FD8D0FFF7CBFA80
:10A8D00013AF002B00D101E10026D74BB846089FEB
:10A8E0000E9302F0E3FEB04201D1FFF7BCFA9020D4
:10A8F0002B6810A91A78400009188A556A68013334
:10A90000013A2B6014AB741C6A600493032F02D1CC
:10A91000149B042B04D0082200210498F8F7EAFACB
:10A92000049B414600930298230058AA0D94FEF719
:10A9300023FE0700431C01D1FFF795FA002840D100
:10A94000434618600023079316AE0822002130000A
:10A95000F8F7D0FAE0230E9A0298D35812A9089378
:10A96000079A3300089EB0470026012801D110AB9A
:10A970001E7A202210AB9B189B5D002B00D13AE180
:10A98000A344032F26D001235B429C46E1440C9B49
:10A99000002B02D104339C46E0446B680026002B58
:10A9A00022DD4B46002B9CD1089747460C9B002B81
:10A9B00001D0FFF741FA3B60059B01330593FFF798
:10A9C0003BFA831C0BD043461B6807930133BBD172
:10A9D000079ECEE7049B1B68042BD4D1D7E76B6896
:10A9E0002600002B00DD7CE729000298FEF71EFE02
:10A9F0000028D6D008974746002ED7D0FFF733FA65
:10AA00008E4B1C40049B002B02D0013B049301376A
:10AA100001239C46E044F8E4022E00D86FE1032EA7
:10AA200001D1FFF70BFBA0463C00013C2A00217836
:10AA3000029801F029FAA319DB1BDBB2032BF4D136
:10AA4000043EF6B2F343FF185B46013B9B1B4446B2
:10AA50009B46FFF7F3FA630749D4E30700D5B6E056
:10AA6000A40700D4B3E0764B0B9A9A4200D134E1AC
:10AA70000022069B0C99029801F070FB099B1B6851
:10AA800003C3EAE4099B1B689946A40733D4020078
:10AA90000B00F7F756FD002800D029E130003900FF
:10AAA000F7F7E0FD4B461860FFF7FDFA119B013BFD
:10AAB0001193FFF742FA13AA9046002900D182E5CC
:10AAC000FFF7BAF92A00029801F0DEF902235B428F
:10AAD000BE1E5B4498463178FFF7C3FA099B80CBD2
:10AAE0000993F9E6099B04CB9146099387E6099BF4
:10AAF0001B681880B1E41E605F60FFF7D4FA594606
:10AB000009931180FFF798F981460391FFF796FBAF
:10AB10004B4B81460B930A23032603910693FFF7C1
:10AB2000BAF9109F0A2300220298791CFEF78CFCC8
:10AB30000F9BC21A32E5013E2A003178029801F0DB
:10AB4000A3F973E4002C01D1FFF78DF9A344FFF7BB
:10AB500073F9049B59469B464346F61A002E00D0D3
:10AB6000CBE5FFF742F9049B59464F469B464346C7
:10AB7000FE1AF3E70223B2781F430236FFF721F9EA
:10AB8000049B5046E41ABA46A3442AE65046BA4605
:10AB90004F46049B3E00FB1A9B4422E6BA46CB4438
:10ABA000FFF74AF9089B02335BD043461868FEF76B
:10ABB000DDFC002857D1049B9C46089BE344032BF3
:10ABC00000D03AE53368042B00D036E536E5099B22
:10ABD0001B68186041E400230593FFF706F9194B41
:10ABE0001C4001239946FFF7A5F9164B1C40012391
:10ABF0009846FFF79FF908974746002C00D1D5E605
:10AC0000202410AB9C46FF34644427000D9E029C18
:10AC1000B95D2A002000013E01F036F9002EF7D17F
:10AC2000C3E659461160BF0701D4FFF7C5FAC9173B
:10AC300051600993FFF700F95C1500207FFCFFFFCE
:10AC400025DF00107FF8FFFF29000298FEF7EEFCD9
:10AC5000002800D1FDE44B46002E01D0FFF703F998
:10AC600000E5049EF1E410AA20249446049AFF34DF
:10AC70004B46099E6444002A00D1F3E4A15D2A00FA
:10AC80000298013E01F000F9002EF7D1E9E40C9C96
:10AC9000A74201D8FFF7A9F8013F2A0039780298A6
:10ACA00001F0F2F8A742F7D1FFF79FF8012624E55B
:10ACB0000C9B9F4201D8FFF798F8013F2A00397892
:10ACC000029801F0E1F80C9B9F42F6D1FFF78DF856
:10ACD00001239C46E344FFF7AFF80022069B0C9942
:10ACE000029803F0E3FAC9E6CB447AE5049E78E5DE
:10ACF0000E4801F05FF94B461860FFF7D4F90C9B42
:10AD00009F4201D8FFF771F8013F2A003978029875
:10AD100001F0BAF80C9B9F42F6D1FFF766F8044B9E
:10AD200003260B9300230693FFF7B9F8F0F4001005
:10AD300049940010F8B50A4B04001F680D00160076
:10AD4000002F02D07B6B002B06D033002A00380086
:10AD50002100FEF7FFFFF8BD3800FEF7A5FFF4E77E
:10AD60001810002010B504001300034A10680A00F0
:10AD70002100FEF7EFFF10BD18100020F8B5040009
:10AD80000D0016001F00002802D0436B002B06D0D8
:10AD90003B00320029002000FEF7DCFFF8BDFEF783
:10ADA00083FFF5E710B583070AD00300032102E013
:10ADB00001330B4205D01A78002AF9D1181A10BDB8
:10ADC000030019680C4A0D4C8A188A4322420FD19D
:10ADD0005968094A04338A188A43224208D15968BB
:10ADE000054A04338A188A432242F1D000E0013335
:10ADF0001A78002AFBD1E1E7FFFEFEFE808080800A
:10AE000070B514004B1C1BD093892022FF2593435F
:10AE1000226BA381CEB263680D40002A13D0626B0F
:10AE20009A4208DD2368013B23601E70636801338A
:10AE30006360280070BD210000F0E4FF0028F1D01D
:10AE400001256D42F5E721692268002905D091426C
:10AE500003D2511E0878A8420ED0E363230040338A
:10AE60002363032363633F33A263E6542300423327
:10AE7000236001236360DCE7013321606360D8E76E
:10AE800010B50C00096B00290FD023004033994204
:10AE900001D0FDF753F900232363E36B6360002BBC
:10AEA00003D00020A36B236010BD002220210120CD
:10AEB0006260A28923690A43A2814042F3E7C04647
:10AEC000F0B5DE4657464E46454683461800E0B587
:10AED000504385B00F000E9C0193002835D000230D
:10AEE000984640339946656806002168A144A84207
:10AEF00020D90290039238002A00F8F701F823685D
:10AF0000216B5B1923604346B24663607F19761B51
:10AF1000002921D0494502D05846FDF70FF9434694
:10AF20002363E36B6360002B16D0A16B1D002160CF
:10AF3000B342E0D332003800F7F7E2FF63680198CC
:10AF40009B1B636023689B19236005B0F0BCBB4664
:10AF5000B246A946A046F0BD236920212360002304
:10AF60006360A38902980B43A3815346039A401957
:10AF70001100C01AF7F714F8E7E7C046F0B55746D6
:10AF80004546DE464E46E0B5170080220D00E1B092
:10AF9000079302900C23C95E92016B6E114204D19B
:10AFA0000A43AA81C34A13406B669B0400D513E38E
:10AFB0003B7801371193002B01D100F038FE0022BD
:10AFC00092463E0054460992059204920692BA4A6D
:10AFD0009346BA4A08925A460821D25C114223D1BC
:10AFE000252B10D100230027A44618003278130027
:10AFF000253BDBB2711C532B0ED8089C9B00E358F9
:10B000009F4664460E006B68002B4BDD2A68731E5A
:10B0100011781B7899423ED0069861B0F0BCBB46CF
:10B02000B246A946A046F0BD402399460023B24649
:10B03000984608275E466A68A9440AE02B681A7891
:10B04000B25C17421DD06A680133013A01346A606C
:10B050002B60002AF2DC296B002900D189E34945E5
:10B0600002D00298FDF76AF843462B63EB6B6B60E6
:10B07000002B00D17DE3AB6B2B601A78B25C1742DA
:10B08000E1D1B34656460396039A1378561C1193A2
:10B09000002BA0D1C0E76B680132013B6B602A60D6
:10B0A0000134F0E7296B002900D186E22B00403300
:10B0B000994202D00298FDF741F800232B63EB6B15
:10B0C0006B60002B00D178E2AA6B2A609FE78F2388
:10B0D0003B42A1D183001B185B009818303872786E
:10B0E0000E0084E764468246802303919B001F4341
:10B0F000734B03260993102304936B68002B00DD28
:10B10000EFE0296B002900D157E22B004033994230
:10B1100002D00298FDF712F800232B63EB6B6B60F3
:10B12000002B00D149E2AB6B2B607B0600D4D8E04A
:10B13000022E00D113E1032E00D18DE1012E2FD07C
:10B140005346D046002B01D10133984610233B4093
:10B150000A93FF0701D500F03DFC0A9B002B00D0AD
:10B1600012E3079E434602CE012202980095FFF7A4
:10B17000A7FE002800D128E2069B2418013306937D
:10B18000079681E7824620A8644601F0CFF8402365
:10B19000012603901F436B68002BB2DD012ECFD137
:10B1A0005346002B01D1013B9A4610233B400C93A0
:10B1B000FF0700D568E329680C9A0B7820AFFB5C89
:10B1C000002A00D17FE2002B00D125E752466B68B0
:10B1D0000131013B6B602960012A00D1EBE1402283
:10B1E0009146002290465246A944A24614000EE021
:10B1F0002A681378FB5C002B00D1DBE16B6801321D
:10B20000013B01366B602A60B44200D1D2E1002BD1
:10B21000EEDC296B002901D100F049FD494502D03F
:10B220000298FCF78BFF43462B63EB6B6B60002BA4
:10B2300001D100F03CFDAA6B2A60DAE76446039175
:10B24000FB0600D520E7079A08CA07927A0701D5BE
:10B2500000F072FCFA0701D500F0EDFCBF0701D445
:10B2600000F0E9FCE2171C605A600DE76446824674
:10B27000882303913AE701236446824603911F43E2
:10B28000104B032609930A23049336E740236446B0
:10B290008246002603911F437DE764468246039160
:10B2A000EEE73B0700D0B7E6042372781F430E0099
:10B2B0009DE6C046FFDFFFFF5D070110480C01104F
:10B2C00025DF0010499400106B68644682460391A4
:10B2D000002B01DC00F07BFDC14B0326099300230A
:10B2E000049359462A681378CB5C1B0700D41FE7E8
:10B2F00040239C46AC4463460A9300239946083396
:10B30000B34698460E0006E0414601322A601378A3
:10B31000F35C19421DD06B680134013B6B60002B5C
:10B32000F2DC296B002900D147E10A9B994202D047
:10B330000298FCF703FF4B462B63EB6B6B60002B13
:10B3400000D13AE14146AA6B2A601378F35C1942B6
:10B35000E1D133005E469B46022E00D0EBE6534619
:10B36000002B01D1013B9A465846296810230A78E0
:10B370003B40825C08201040FF0700D53EE1002BD7
:10B3800000D134E2002800D07EE652466B680131DD
:10B39000013B01266B602960012A01D100F0FFFC0E
:10B3A00040229046002291465A460827A346A844C8
:10B3B000140010E02A681378E35C1F4201D000F00B
:10B3C000FFFB6B680132013B01366B602A60B245BE
:10B3D00001D100F004FC002BECDC296B002901D129
:10B3E00000F094FC414502D00298FCF7A7FE4B46C2
:10B3F0002B63EB6B6B60002B01D100F087FCAA6B19
:10B400002A60D8E73B0700D006E6022372781F4384
:10B410000E00ECE501236446824603911F43714B05
:10B42000032609930823049367E6644682460226AE
:10B43000039162E63B0700D0EEE572786C2A00D1FA
:10B44000A9E301230E001F43D1E5384300D0E3E513
:10B45000727810270E00CAE5D8265346002236011E
:10B46000013B3E430C92262B03D9263B0C9327230A
:10B470009A4600230A9316AB99461F005A4B9846EA
:10B4800040239C46AC4463460B935346A2461C00A3
:10B490002A6811780B002B3BDBB24D2B14D84046A9
:10B4A0009B00C3589F46049B0A2B0DDD4F4B1E404B
:10B4B000397001376B68013B6B60002B67DD01322F
:10B4C000013C2A60002CE3D15446BA46F30507D567
:10B4D00053464B4500D940E353464B4500D19BE5CD
:10B4E00010231A003240334214D1534649461A7091
:10B4F00002980022049B099FB847079A131D98469B
:10B50000B30600D4EDE213681860069B013306937E
:10B51000434607934B465246D71A0A9B9C466744BC
:10B52000E419B1E50498324B4000C35E04932F4BFD
:10B530001E40BDE7C0238020DB00334080008342F3
:10B54000C2D12C4B3340A026F6001E431023049397
:10B55000AEE780233342B7D09E43A9E70498244B3B
:10B560004000C35E0493082BA0DCADE733059FD5F4
:10B57000049B002B05D180239B001E43F93BFF3B1E
:10B580000493730500D4A0E21B4B1E4090E7296B87
:10B59000002900D152E30B9B994202D00298FCF79C
:10B5A000CDFD00232B63EB6B6B60002B00D145E3DB
:10B5B000AA6B85E75446A41966E52B6920222B6007
:10B5C00000236B60AB891343AB81069B002B03D038
:10B5D000AB895B0600D41FE501235B4206931BE5A4
:10B5E0004994001025DF0010980D01107FF4FFFF33
:10B5F000D00E0110FFFDFFFF7FFAFFFF079A904674
:10B60000002B00D184E211AA9146002800D03BE52E
:10B61000574600269A4602F049F8B042D5D02B682A
:10B62000721C07921A7816A98A5501336A682B6032
:10B63000059B013A0A916A6014AE032B02D1149B58
:10B64000042B04D0082200213000F7F753FC079B9D
:10B6500049460A9A029800960B93FDF78DFF0590D4
:10B66000431CB2D0002800D0C6E24A461060002039
:10B67000FDF77CFF002800D078E3079B9C466444DC
:10B68000013F53460026002B02D104339C46E1447F
:10B690006B68002B00DC16E32B685A461B78D35CE2
:10B6A0001B0701D4002FB6D1534642460792002B08
:10B6B00000D0E9E400234A461360069B0133069359
:10B6C00043460793E0E4079804C8002B00D1A3E4A5
:10B6D0006B68013B6B604B1C2B60531C98460B78CE
:10B6E00013705346012B3BD040239946A9444B4647
:10B6F00046468146A04692440A9207930FE02B6883
:10B700001A78BA5C002A22D06A680136013A6A6067
:10B710005A1C2A601B782370564500D126E26B68BC
:10B720003400002BEBDC296B002900D1ADE2079B34
:10B73000994202D00298FCF701FD00232B63EB6BCA
:10B740006B60002B00D1A0E2AB6B2B60D8E723002D
:10B750004846444698460A9AB61A002E00D15BE441
:10B76000002342461370069BA419013306930790E9
:10B770008AE42B6920222B6000236B60AB89B346DF
:10B7800013435646AB817EE46B682A68434500DB71
:10B79000FFE24020814640460026A04600270400E4
:10B7A000296BA944D218B2460A94F618E41A2A6002
:10B7B000002900D1E0E1494502D00298FCF7BEFC27
:10B7C000EB6B2F636B60002B00D1D5E1AA6B0021DE
:10B7D0002A609C42E6DC2100444688460A9E564484
:10B7E000414642445B1A6B602A60A4194CE4079AF4
:10B7F00008CA9846002800D0CDE26B68013B6B6018
:10B800004B1C2B6043465F1C0B7841460B70534624
:10B810003E00012B00D1C0E240239C46AC4463466D
:10B820000793082399465B460A92A3461C0013E03F
:10B830002B6849461A78A25C114200D0B1E16A68CF
:10B840000136013A6A605A1C2A601B783B704346F5
:10B8500053449E4200D1B9E16B683700002BE7DC0E
:10B86000296B002900D141E2079B994202D002983E
:10B87000FCF764FC00232B63EB6B6B60002B00D1A7
:10B8800034E2AB6B2B60D4E711AF002B00D14BE15E
:10B890000023984640339C46AC4463460F93D34BF9
:10B8A000B9460E935B46A34644469846059F01F071
:10B8B000FDFEA04200D188E620202B680EA91A7850
:10B8C00009180A556A680133013A2B6012AB661CED
:10B8D0006A600593032F02D1129B042B04D0082227
:10B8E00000210598F7F706FB059B4946009302984F
:10B8F000330016AA0D96FDF73FFE0700431C00D14A
:10B9000063E6002840D14B46186000230A9314AC2C
:10B91000082200212000F7F7EDFAE0230E9A0298A2
:10B92000D35810A90B930A9A23000B9CA04700241C
:10B93000012801D10EAB1C7A20AB1B5D002B00D17E
:10B9400087E1B344032F28D001235B429C46E244A5
:10B950000C9B002B02D104339C46E1446B6800240D
:10B96000002B23DD5346002BA1D15C460597C3462F
:10B970004F460C9B002B01D0FFF786FB3B60069BDC
:10B9800001330693FFF780FB831C0BD04B461B68EB
:10B990000A930133BBD10A9CCEE7059B1B68042B9D
:10B9A000D2D1D5E76B683400002B80DC296B0029ED
:10B9B00000D1C6E10F9B994202D00298FCF7BEFB72
:10B9C00000232B63EB6B6B60002B00D1B9E1AB6BF9
:10B9D0002B60C7E7002399460A9B002B00D19EE00D
:10B9E00040239C46AC4463460B9343463700A04635
:10B9F000B2461C0001F05AFEB84200D1E5E5202015
:10BA00002B680EA91A780918CA5501336A682B6089
:10BA1000059B013A7E1C6A6014AF032B02D1149B74
:10BA2000042B04D0082200213800F7F763FA330012
:10BA300049460298009716AAFDF79EFD0590431C03
:10BA400000D1C2E500281AD10A9BB044013C002B6A
:10BA500004D14A46136004239C46E1446B68574670
:10BA6000002B1EDD002CC5D144460A9B5A4253418F
:10BA7000069A94469C4463460693FFF705FB059A95
:10BA8000931C0AD0B044032A02D13B68042B00D097
:10BA9000013C0A9B002BDED0E0E76B683700002BEF
:10BAA000A8DC296B002900D13EE10B9B994202D012
:10BAB0000298FCF743FB00232B63EB6B6B60002BBE
:10BAC00000D131E1AB6B2B60CCE7494B1E400C9BA6
:10BAD000002B02D0013B0C9301340A9B01330A93E3
:10BAE000E8E4730724D4F30700D59CE0B60700D43C
:10BAF00099E0404B099A9A4200D153E1002249460D
:10BB0000049B029800F02AFB079B1B6803C3FCE41C
:10BB100002CA89469046002800D179E5CAE5079B0C
:10BB200004CB914607935BE7079B80CB0793AFE677
:10BB3000079B1B681880E8E41C80FFF7A5FA6446A1
:10BB4000824603916BE42B4B644609930A23824699
:10BB5000032603910493FFF7D0FA5746013F2A00CA
:10BB600039780298FFF74CF9BA46B5E40A9A444688
:10BB70004846B046B61AF0E52B6920222B60002318
:10BB80006B60AB8944461343AB81002E00D11CE5AA
:10BB9000A419FFF779FA0223B2781F430236FFF7A0
:10BBA00026FA23005C469B4643460A9AF61AA419D5
:10BBB00000233B70069B079201330693FFF764FA5C
:10BBC00023005C469B46A419FFF75EFA23005C46FF
:10BBD0009B464346F31A37000A9AE418E8E7230025
:10BBE0005C469B465444FFF74FFAC0465C15002064
:10BBF0007FFCFFFF25DF0010059B023300D1B3E07F
:10BC00004B461868FDF7B2FC002800D0AEE0079B59
:10BC10009C46059B6444032B00D031E53368042B1C
:10BC200000D02DE52DE5079B1B6818606DE400230F
:10BC30000693FFF7F1F91C60FFF726FA2B69202223
:10BC40002B6000236B60AB8954461343BA46AB812B
:10BC50003CE45C460597C3464F46002E00D188E67B
:10BC60000EAB1F269C466644A04637000D9C2E0056
:10BC7000029D395D32002800013CFFF7C1F8002C1D
:10BC8000F7D144464F46350073E6230044469846B4
:10BC90002B6920212B6000236B60AB890A9A0B4330
:10BCA0004846AB81B24200D18FE4B61A58E52B6901
:10BCB00020222B60002354466B60AB89A4191343E8
:10BCC000AB81FFF7E1F9296B002972D02B004033DB
:10BCD000994202D00298FCF731FA00232B63EB6BF8
:10BCE0006B60002B65D0AB6B2B60D6E423005C4609
:10BCF0009B462B6920212B6000236B60AB890A9A3D
:10BD00000B43AB814346F61AA41951E723005C4666
:10BD10009B462B6920222B6000236B60AB89A41902
:10BD20001343AB81FFF7B0F92B6920222B6000236E
:10BD30006B60AB8944461343AB81002F00D194E67E
:10BD400043E44346A0465C469B462B6920222B6079
:10BD5000002305976B60AB894F461343AB81434685
:10BD6000002B00D105E630E4079E91E40EAA94462C
:10BD70001F26079A53460B9F6644002A00D194E47D
:10BD8000F15D2A000298013FFFF73AF8002FF7D142
:10BD90008AE4464624E51F000AE7013408E7013437
:10BDA000FFF772F900224946049B029802F07EFADE
:10BDB000AAE62A69A9892A6000226A6020320A4319
:10BDC0005346AA81002E01D0FFF7FFFB6DE4034B21
:10BDD0000326099300230493FFF793F94994001075
:10BDE000002370B5064C050008002360F8F778FCC6
:10BDF000431C00D070BD2368002BFBD02B60F9E7FB
:10BE0000141C0020F0B50C002300C646096B40331B
:10BE100000B5994215D0666B77003A00FDF786FCB5
:10BE2000051E27D083199846010032001800F7F745
:10BE300067F84346256323606763002080BCB846EB
:10BE4000F0BD8025ED002900FBF744FE002811D04D
:10BE5000422320636563E25C084BC2544123E25CE9
:10BE6000074BC2544023E25C064B9C46C2546044DC
:10BE70002060E2E701204042E0E7C046FF03000007
:10BE8000FE030000FD030000F8B506000D001400DD
:10BE90004B1C2ED0002802D0436B002B51D00C231A
:10BEA000E25E2023110099430B00A181510707D4C2
:10BEB000D1061ED50827174237D104221343A38188
:10BEC000FF23226BEFB21D406368002A14D0626B1F
:10BED0009A4208DD2368013B23601F7063680133C9
:10BEE00063602800F8BD21003000FFF78BFF0028B9
:10BEF000F0D001256D42F4E721692268002905D0C0
:10BF0000914203D2511E0878A8421DD0E36323005A
:10BF100040332363032363633F33A263E754230067
:10BF20004233236001236360DBE721003000FBF72D
:10BF300029FC0028DDD1A389A060BB431BB2A0610E
:10BF4000BBE7FDF7B1FEAAE7013321606360C8E7F4
:10BF5000030010B50A00034908681900FFF794FFB1
:10BF600010BDC04618100020002370B5064C050017
:10BF700008002360F8F7F2FB431C00D070BD236873
:10BF8000002BFBD02B60F9E7141C002070B5074C88
:10BF9000074D641BA41005D0013CA300EB58984743
:10BFA000002CF9D103F046F970BDC04640F30010F3
:10BFB00040F30010004870470000C07FF0B5DE4637
:10BFC0004E4645465746E0B589B00D00059193466B
:10BFD0001E00082107905F482B001C780135025D88
:10BFE0001142F9D12D2C00D184E02B2C4BD0012310
:10BFF0005B420393584B049300230693002E08D111
:10C00000302C00D180E00A239A4600230A36994654
:10C0100005E0102E00D182E0F317B2469946524651
:10C020004B4603980499F5F7F9FF23000F0080466B
:10C03000029200200022002113E0B94201D14045C4
:10C040001ED8804543D052464B46F6F79BFEE31779
:10C0500000940193009B019C0122C01861412B7840
:10C0600001351C00303C092C04D9113C192C0DD889
:10C07000373B1C00A64211DD531CF0D0B942DCD97D
:10C0800001225242EBE72C789D1CB0E71C00613C7A
:10C09000192C03D8573B1C00A642EDDC531C1ED0C4
:10C0A000069B002B04D003000C0000215842A14144
:10C0B0005B46002B04D0002A48D15B46059A1A60E3
:10C0C00009B0F0BCBB46B246A946A046F0BD8F42BF
:10C0D000B9D1029BA342B6DA01225242BFE7222322
:10C0E000079A13605B46002B2DD06B1E03980499B2
:10C0F0000593E2E72C789D1C0023039380231B0605
:10C1000004930123069379E720222B789343582B3D
:10C1100011D008239A460023082699467FE7302C41
:10C1200004D010239A460023994678E720222B78E2
:10C130009343582BF5D110239A4600236C789946E7
:10C14000102602356BE703980499B9E70390049130
:10C15000CBE7C0465D070110FFFFFF7F10B5FFF77B
:10C160002DFF10BD10B504001300034A10680A002B
:10C170002100FFF723FF10BD1810002010B50400A8
:10C180001300034A10680A002100FFF717FF10BDD3
:10C1900018100020F0B5DE469B46454657464E46F1
:10C1A000130092465A46E0B5534385B080460D00D1
:10C1B00099460E9C002B42D0002802D0436B002BE6
:10C1C00045D00C22A15E80229201636E114204D1FF
:10C1D0000A43A2814C4A134063669B04DA0F002B8A
:10C1E0002DDB6668301E02DA002000266260A2891C
:10C1F0004F46216892072DD4019712E028003200A3
:10C20000F6F77EFE236821009B1923604046BB1B86
:10C210009946AD19FDF70AFA002867D14F466668BE
:10C220002168BE42EAD33A002800F6F769FE636847
:10C23000DB1B63602368DB192360584600E00020A5
:10C2400005B0F0BCBB46B246A946A046F0BDFDF71E
:10C250002BFDB6E74E46814500D906003200280086
:10C26000F6F74EFE2368216B9B19236063689B1BC6
:10C2700063604B469F1B00290AD0002FDDD02300AE
:10C280004033994202D04046FBF758FF0023236316
:10C290004B460193534602935B46AD190393002628
:10C2A00000E01700002F2AD0236921009B46236855
:10C2B0002561994663692560404667619A46FDF7A6
:10C2C000B5F95B462361534663614B46236063685F
:10C2D0006660FA1AED180028E3D0019A9146029A96
:10C2E0004B441100D81BF5F75BFEA9E7019B30001A
:10C2F000994648445146C01BF5F752FEA0E7039B00
:10C300009B4658469CE7C046FFDFFFFF10B5040080
:10C31000054882B00068009313000A002100FFF76F
:10C3200039FF02B010BDC0461810002070B50D785E
:10C3300004005E2D1BD0481C002600212300621C37
:10C34000FF32197001339342FBD1002D0DD0012231
:10C35000724062550378461C2D2B0FD05D2B0BD0FD
:10C36000002B03D01D003000F3E7013870BD4D787D
:10C37000881C01260121E1E73000F7E741785D29BB
:10C3800011D08D420FDC2B0002300133E254994270
:10C39000FBDC6B1C8D4203DA491B01395D18D9E7C0
:10C3A00000215D18D6E72D253000D2E770B5CCB25C
:10C3B00083070DD0531E002A0FD0032504E001305F
:10C3C000284206D0013B08D30278A242F7D170BDC3
:10C3D0001300032B03D8002B14D10020F7E7FF2212
:10C3E0000A401502AD182A040B4EAD1803E0043BB9
:10C3F0000430032BEFD9026808496A405118914371
:10C400003142F4D0C31802E001309842E5D00278FE
:10C41000A242F9D1DBE7C04680808080FFFEFEFEAD
:10C42000F8B54746CE46884680B5814617000026B7
:10C430007D68BC68013D0DD4A389012B07D90E226C
:10C44000A35E013303D021004846C0470643683449
:10C45000013DF1D23F68002FEAD13000C0BCB9469F
:10C46000B046F8BDF0307047004870474C160020C9
:10C47000004870474C16002070B516000D0002F001
:10C4800057FD002E0DD06B236A00520D9B1A002B16
:10C4900007DD0024034A1B059D182B002200F5F739
:10C4A000EAFF70BD0000F03FF0B54546DE46574656
:10C4B0004E46E0B59FB0079200220C001A92002170
:10C4C0000022804604910592210019910A780F00FC
:10C4D0002D2A03D8B44D9000285887460021089192
:10C4E00000210991302A00D1B2E015002F2A01D88D
:10C4F00000F044FD0023A4463800002619001C006B
:10C500000BE08B0001305B18199005785B009918DF
:10C5100030392A0001362F2D0FDD392D37DC082E5A
:10C52000EFDDA30001301B19199005785B009C1802
:10C53000303C2A0001362F2DEFDC894601229B4931
:10C54000A246644601F02CFD002800D094E0199B1F
:10C550000D965A1C19925D780023129350E0013118
:10C56000B3E7002208924F1C19974A78002AB7D1E6
:10C57000079B00260027002B00D01C6030003900EC
:10C580001FB0F0BCBB46B246A946A046F0BD8946E6
:10C5900001228649A246644601F002FD00286BD1C3
:10C5A000199A1300013219925D78002E01D000F023
:10C5B00075FD302D01D000F01DFD13001800013372
:10C5C00019931D78302DF9D0801A01302B00313BA2
:10C5D000082B00D9FCE2302252429446199B421C9F
:10C5E000129200221F000126AC440D924A4692008E
:10C5F0004A4452006244914600205A1C19925D78C8
:10C600002A00303A092A00D9E6E29446199B013003
:10C61000002AF2D031188B460139012801DC00F0E4
:10C6200089FE55464A469A46E1462B0006E09500AB
:10C63000AA185200B14201D100F08FFC350001363A
:10C64000082DF4DD102EF5DC9D00EB185B00F1E702
:10C650007A7820318A437D1C582A01D100F023FCCE
:10C660002F0019953A780135302AF9D0002A00D1E7
:10C67000B4E20123099338E70023002000220D963D
:10C6800012932023290099430B0000210C91452B84
:10C6900028D0002E00D091E0099B034300D09DE2FA
:10C6A000002A00D064E7692D00D11FE301DD00F00E
:10C6B00075FC492D00D119E34E2D00D058E73C49B7
:10C6C00019A801F001FF002800D151E7199B1B7840
:10C6D000282B01D100F02BFD364802F00DF80600A2
:10C6E0000F007DE23300099903430B4300D13FE77C
:10C6F000199C631C199365782B2D00D1C4E32D2D53
:10C7000000D07BE201230A93A31C1993A5782B0088
:10C71000303B092B00D979E31999302D0DD14B1CF1
:10C7200019931D7819000133302DF9D000230C9393
:10C730002B00313B082BACD801334D1C1995AC466E
:10C740004D780B932F2D01DC00F02EFC0C926246ED
:10C7500010910C9983468C4610000B9B0AE09900BF
:10C76000C9180132490019924B194578303B2F2DD9
:10C7700002DD1000392DF2DD604694460B936346CE
:10C7800010990C900C9A5846591A082901DC00F0AF
:10C790000BFC094B0C930A9B002B00D179E70C9BF7
:10C7A0005B420C9375E7C046F80E011054F7001079
:10C7B00078FB0010F0F400101F4E00000C9B129A42
:10C7C0009B1A0B930D9B002B00D10D963400102E5D
:10C7D00000DD10244846F5F7C1FE04900591092EAE
:10C7E00017DD2200624B093AD2009B181A685B6879
:10C7F000F5F741FE049005915046F5F7AFFE0200B3
:10C800000B0004980599F5F70FFE049005910F2E83
:10C8100025DC0B9B002B00D139E30B9B002B00DCAC
:10C820004EE2162B00DCC8E325230B9A9B1B934298
:10C8300015DB049A059B0F244D4DA41BE1006918DC
:10C8400008684968F5F717FE0B9B1C1BE4002D19BF
:10C850002A686B68F5F70FFE06000F00C0E10B9B1E
:10C86000341B9C466444002C00DCCAE10F231A00F0
:10C87000224023420AD03E4BD200991808684968EA
:10C88000049A059BF5F7F7FD049005910F239C434F
:10C89000231E4FD09A225200944200DDA6E32411B9
:10C8A0001F2B01DC00F0CBFC049805990022924676
:10C8B0000132934652462F4BB2461D000993160093
:10C8C00000235A46224204D02A686B68F5F7D3FD4C
:10C8D0000123013664100835012CF2D1320056468E
:10C8E0009246002B01D004900591234A059B944663
:10C8F000634405935346D900099B9C46049A059BC3
:10C90000614408684968F5F7B6FD1C4B1C4A049061
:10C9100005910B40934200D968E3D42080048446FB
:10C92000184A61440591934204D90123164C5B4295
:10C930000493059400230A934B4639000093404624
:10C9400033000D9A01F064FF1390002800D14DE3ED
:10C950000B99129ACB430C98DB17101ACA1719407F
:10C960000023104099469B460C901491F0E0C0467D
:10C9700078110110501101100000B0FC0000F07F90
:10C980000000A07C0000907CFFFFEF7FC91A521AC4
:10C990001F2900DD3EE201238B40109300231593F5
:10C9A000AB189A460A9BA4189C462B006444554534
:10C9B00000DD5346A34200DD2300002B04DD524678
:10C9C000D21A9246E41AED1A0C9B002B00DDB1E15D
:10C9D0005346002B00DDC8E10B9B002B00DD0BE272
:10C9E000002C00DDFCE1002D08DD49462A00404610
:10C9F00002F028F98146002800D1FAE140461A9950
:10CA0000099A02F0BBF98346002800D1F1E1C3681E
:10CA1000494612930023C36002F092F9002800DA1D
:10CA2000C8E3059B0D9300D14AE34946584602F0FE
:10CA300061FB80230022DB0504000D00F5F76CFD8F
:10CA4000002800D168E1129B002B00D0EFE1049B8D
:10CA5000002B00D074E20D9B1B0300D01AE20022D1
:10CA600020002900D34BF5F751FD002800D01EE32C
:10CA70000022D14B20002900F5F7FDFC0A0001003F
:10CA80001300109111920E90802212069446634476
:10CA90000F930D9BC94A0E9C0F9D13409A46C84B9D
:10CAA0009A4500D1CAE10A9B002B28D0D423DB048D
:10CAB0009A4524D810981199C24AC34BF5F72CFD1A
:10CAC000002817D010981199F5F788FD002800D19B
:10CAD0000130F5F743FD129B10901191002B00D00F
:10CAE000D7E2802212060B009446634416901793F7
:10CAF000169C179DD6235246DB04EB189D1A300076
:10CB0000390002F015FA02000B0020002900F5F7A9
:10CB1000B2FC32003B00F5F787FC0E000490059153
:10CB20000A9B002B04D1A54B33409A4500D1D5E197
:10CB300040461A9901F00EFE4046099901F00AFE9E
:10CB40004946404601F006FE5946404601F002FEC5
:10CB5000139C4046616801F0D5FD031E099000D189
:10CB600047E122690C3302320C3421001800920094
:10CB7000F6F7C6F9049E059F1CAB01931BAB00930F
:10CB800032003B00404602F04FFA1A90002800D1D4
:10CB9000F4E00121404601F0E7FE8146002800D183
:10CBA00027E11B9B002B00DADBE00C9A149C9D18FC
:10CBB0000A991C9A5B1A36219B188A1A8349013BF1
:10CBC0008B4200DAE2E60023159301331093E7E687
:10CBD000002300260D931293012252E50026002720
:10CBE000079A002A01D0199B1360089B002B00D1E3
:10CBF000C4E4802109067B181F00BFE400230A93C8
:10CC000085E5002C00D195E60F231A0064422240EE
:10CC100023420AD0049805996D4BD2009B181A68DC
:10CC20005B68F5F70AFC04900591241100D181E6B8
:10CC30001F2C3FDC10231A0022400A92234201D00D
:10CC40005A330A9301220498059900239246614DB4
:10CC50005246224204D02A686B68F5F70CFC012387
:10CC600064100835002CF3D1002B01D004900591FD
:10CC70000A9B002B15D0049B059C6B236200520D70
:10CC800021009B1A002B0ADD1F2B00DC14E300207F
:10CC90000490342B00DC16E3DC239B0405936A2309
:10CCA0000A930022049805990023F5F727FC002831
:10CCB00000D141E6222342460026002713608FE779
:10CCC0000B9B163300DACAE50C99129A404B521AA4
:10CCD000D2009B181A685B6804980599F5F7ADFBBC
:10CCE00006000F007CE7012208923CE43A4919A8AB
:10CCF00001F0EAFB002800D13AE4199B3749013BD7
:10CD000019A8199301F0E0FB002802D1199B013307
:10CD100019930026294F63E7274B002220002900A2
:10CD2000F5F7A9FB129B10901191002B7AD10B0003
:10CD30000E90A9E649461A00404601F01BFF8146C5
:10CD4000002856D001001A9A404601F03DFE0D9091
:10CD500000284ED040461A9901F0FCFC0D9B1A9316
:10CD600036E6149A0C9DD41A22E7524640461A9988
:10CD700001F068FF1A90002800D02DE6DA46222341
:10CD8000424600260D4F13600100404601F0E2FCD0
:10CD90004046099901F0DEFC4946404601F0DAFCC4
:10CDA0004046139901F0D6FC5146404601F0D2FCB2
:10CDB00016E7C0460000F03F0000E03F0000F07FB3
:10CDC0000000E07F0000C0FFFFFFDF4102FCFFFF2B
:10CDD00078110110F00F01106CFB001070FB0010B7
:10CDE00022004046099901F02DFF0990002800D04B
:10CDF000F9E5DA461A98C2E74046149A099901F013
:10CE0000B9FE0990002800D0EAE5F2E70023199462
:10CE10000C933EE4CF49CB1A01219940012315918F
:10CE20001093BDE5109B119C0E930F9431E60023E7
:10CE3000C94C0E930F94109311942AE6C74A0D9B88
:10CE4000944663440593049C059D2000290002F04C
:10CE50006FF80E9A0F9BF5F70EFB22002B00F5F7EB
:10CE6000E3FABF4BBF4A049005910B40934200D8B0
:10CE70008FE0BD4A974201D10136BAD00123BA4CA6
:10CE80005B420493059453E600230A933CE4049E1A
:10CE9000059FA5E60023B54C0E930F940023AE4CDE
:10CEA00010931194F5E50293089B404601931AAB49
:10CEB0000093AF4A1BAB19A900F0BEFC0F231E0064
:10CEC00004000640034200D188E6062E00D09EE012
:10CED0000023002600271995089381E6109C119DD8
:10CEE00020002900F5F792FBF5F784FB02000B0008
:10CEF00020002900F5F78FFA049A129B360313439A
:10CF0000360B04000D009B4A33430AD19A4BF5F7C8
:10CF1000FDFA002800D10BE6DA46049E059F1A9818
:10CF200032E7964BF5F7F2FA0028F5D120002900F8
:10CF3000934A944BF5F700FB002800D1F8E5EBE7A6
:10CF4000012BA7D10D9B002BA4D1DA462223424608
:10CF5000002600271A98136016E749461D009146DF
:10CF600053460A00AA465946129DAB46834458468A
:10CF70001290082E2EDC0E00FFF738FB012238003D
:10CF8000814901F00DF8002837D000200022FFF77A
:10CF900083FBD4239B04CE180596C1E56E2D01D1E9
:10CFA000FFF78DFBFFF7E4FA0B99784B0C91994250
:10CFB00001DCFFF7F0FBFFF7EDFB0B9A744BD100A0
:10CFC000591808684968049A059BF5F754FA060051
:10CFD0000F0005E6102966DC50468000504492465A
:10CFE000400082440E000020FFF707FB2223424648
:10CFF00013608EE60020FFF7E9FA199A1300013258
:10D0000019925D78002399469A46FFF7D2FA1A9A48
:10D01000002A07D035211CA802F0BAF840461A9918
:10D0200001F098FB1B9A052E00D981E1594BB600FF
:10D030009B599F461C9B584904931D9B0B40574985
:10D040008C466244120513430593E40503D5802200
:10D05000120613430593424A049E059F134200D0D3
:10D06000BEE501F02FF822230360B9E501224C4B05
:10D07000524204920593E40500D408E7059BE6E7D5
:10D08000374B0593F7E71C991D9A1D9B0491059258
:10D09000DBE7109B119C1693179429E500230D964E
:10D0A0001293FFF7ADFA0E000020FFF7A6FA002357
:10D0B0003C4C0E930F940023324C10931194E8E4EF
:10D0C000159B12999C460D9BDA461A03120B0029F8
:10D0D00000D1A0E034498A4200D1D3E06246002A60
:10D0E00001D1109B049A13420CD0049805990A9A16
:10D0F000FFF7C2F902000B0030003900F5F794F990
:10D1000006000F000A9B002B00D108E73000390011
:10D11000264B0022F5F7AFF9114B06000F000B422A
:10D1200000D0FCE6222342461A9813602CE62049E0
:10D130001CAA19A801F0DEF9052801D0FFF7CCFAE6
:10D140001D9B074A1A431C9B05920493049E059F4E
:10D1500046E5C046E2FBFFFF0000F03F0000B0FCE8
:10D160000000F07FFFFF9F7CFFFFEF7F0000F0BF1C
:10D17000C80F01109535A094FFFFCF3FFFFFDF3FA1
:10D1800035E5AF350000E03F54F700101F4E0000BA
:10D1900078110110B00F0110FFFFEFFF3304000002
:10D1A000FFFFFF7F0000E0BFFFFF0F0000005039CE
:10D1B000DC0F0110129B0499059ADA460B43A1D1AA
:10D1C00013039FD1D623614CDB0414409C4299D9B0
:10D1D0005B465B69002B03D15B461B69012B91DD2C
:10D1E00051460122404601F02DFD4946824601F09C
:10D1F000A7FD002800DC85E70A9B002B71D0544B6B
:10D20000544A9C460123644422435B4205920493A2
:10D21000049E059F7AE7002A17D1049A002A59D163
:10D220000A9A002A5DD0494C1C40D623DB049C425C
:10D23000E5D8DC239B049C4200D967E786E60023FF
:10D240009A46454B0993FFF750FB6246002A01D1ED
:10D25000109B049A134200D154E7049805990A9A46
:10D26000FFF70AF902000B0030003900F5F7D3F898
:10D270000022002306000F00F5F740F9002800D136
:10D2800040E763E60A9A0498002A49D0D4212F4A3D
:10D29000C9041A408A4243D86B21120D8A1A6C398C
:10D2A000914088422DD06246002A00D01BE7109B97
:10D2B000034200D126E718E7012252429A40049B1C
:10D2C00013400493EBE44B239A1A4C3B93401940D0
:10D2D0000591E4E46146002925D00B4200D111E715
:10D2E000BBE7059A194B1A981340194A9446194AF4
:10D2F00063441A4301235B4205920493049E059FF5
:10D3000042E5164A934217D0104A13408022520336
:10D3100094466344059300230493049E059FF1E61D
:10D3200001214942BDE7109B134200D1EAE694E790
:10D3300000238AE6711C17E60130E5D1222342461C
:10D3400000261A98014F13601EE5C0460000F07FCA
:10D350000000F0FFFFFF0F0050110110FFFFEF7FF3
:10D3600010B5024BFFF7A0F810BDC0465C150020B9
:10D3700010B504001300034A10680A002100FFF7EB
:10D3800093F810BD1810002010B504000A000349DE
:10D39000034B08682100FFF787F810BD1810002024
:10D3A0005C150020F8B5CE46040047461300274A16
:10D3B00080B5106891460A002100FFF775F8020059
:10D3C0000B0004000D00F5F7BCF800282FD1290050
:10D3D0002000F5F747F94600760880461C49301CC6
:10D3E000F5F71AFD00281DD11949301CF5F70CFD81
:10D3F000002817D101226B005F0820003900154B6F
:10D400005242F5F79EF8002808D101222000390089
:10D41000104B5242F5F780F8002803D04B462222E9
:10D420001B681A604046C0BCB946B046F8BD0A4801
:10D43000002D07DAFEF7BEFD80231B069C468444C0
:10D44000E046EFE7FEF7B6FD8046EBE71810002058
:10D45000FFFF7F7FFFFFEF7FF0F40010F8B5CE46AF
:10D46000474604000A002C4980B52C4B08688946C1
:10D470002100FFF719F802000B0006000F00F5F776
:10D4800060F8002838D139003000F5F7EBF8440097
:10D49000640880462249201CF5F7BEFC002822D1F2
:10D4A0001F49201CF5F7B0FC00281CD101227B008D
:10D4B0005D08300029001B4B5242F5F742F8002866
:10D4C00008D1012230002900164B5242F5F724F80A
:10D4D000002808D04B4622221B681A604046C0BC78
:10D4E000B946B046F8BDFF234246DB051342F5D1ED
:10D4F0000D4B3B42F2D0EDE70C48002F07DAFEF768
:10D5000059FD80231B069C468444E046E6E7FEF76F
:10D5100051FD8046E2E7C046181000205C1500204F
:10D52000FFFF7F7FFFFFEF7F0000F07FF0F4001030
:10D53000F0B5C64600B50C228B5E05000C0096B017
:10D540009A0709D5230043332360236101236361D4
:10D5500016B080BCB846F0BD0E22895E002928DBDB
:10D560006A4600F08BFF002821DBF023019F1B029D
:10D570001F40264B80269C4667447B425F418023A8
:10D58000DB009846360141462800FAF7A3FA002846
:10D590001BD08022A3892060134342461BB2A38183
:10D5A00020616261002F1FD13343A381D0E70C2299
:10D5B000A35E00271B0612D540239846280041464B
:10D5C0000026FAF787FA0028E3D10C22A35E9A0519
:10D5D000BED40322934302221343A381B2E78023E4
:10D5E000DB0098460026CEE728000E23E15E00F01F
:10D5F00059FF002802D10C22A35ED5E70322A3899C
:10D600009343012213431BB2CEE7C04600E0FFFF65
:10D6100070B50C001E000E23C95E150096B00029DF
:10D6200015DB6A4600F02AFF002810DBF023019981
:10D630001B0219400B4B80209C4661444B425941D0
:10D6400080230001DB0031602B6016B070BDA38920
:10D6500000211B0602D540230020F4E78023002090
:10D66000DB00F0E700E0FFFF70B5141E08D01000EB
:10D670000B4900F045F80B4D002803D1280070BD80
:10D68000084DFBE72900200000F03AF80028F5D00B
:10D690002000054900F034F80028EFD00020EEE724
:10D6A0007CFB0010FCFA0010F0F400109422024BF6
:10D6B0005200985C7047C0465C15002070B50C1E87
:10D6C00008D020000B4900F01BF80B4D002803D1B7
:10D6D000280070BD084DFBE72900200000F010F87D
:10D6E0000028F5D02000054900F00AF80028EFD006
:10D6F0000020EEE77CFB0010FCFA0010F0F40010B4
:10D70000024670B50A4392072AD11E4DEE0104C8A5
:10D7100008C9541B9443344017D0D0B2D9B2401A30
:10D720002106014310D190B299B2401A210401435D
:10D730000AD110021902000A090A401A2102014303
:10D7400002D1100E190E401A70BD9A42DFD010BAE5
:10D7500019BA884201D9012070BD0020C04370BDB4
:10D7600002780B7801300131002A09D09A4207D1A2
:10D7700002780B7801300131002A01D09A42EFD0B3
:10D78000D01A70BD01010101F0B5D6464F4646469C
:10D790000369C0B50A009A464F11BB4208DC00235A
:10D7A000036100234361E0BCBA46B146A846F0BD20
:10D7B0001F218C460600644614369D00BB00751977
:10D7C000F318114014421FD02022521A944604CB61
:10D7D000CA4090469D4228D9B14664461A68A24084
:10D7E000444622434C4604C404CBA146CA4090465A
:10D7F0009D42F2D85346DC1BA400043C341922603D
:10D80000002A0CD004340AE032009D42C7D902CB72
:10D8100002C29D42FBD85346DC1BA4003419A31B53
:10D820009B100361B442BED1BBE74261002AB6D06F
:10D8300034000434F3E7C046F0B5DE4645465746AB
:10D840004E46E0B58846096893468A7887B00390CB
:10D850000593302A00D006E2CB1C1D0001335A1E6E
:10D860001278302AF9D0691A8B1E9A46C04FBB5CD9
:10D87000002B00D100E1002200242B789146BD4A04
:10D88000FB5C0292002B00D170E12E007378013610
:10D89000FB5C002BFAD101223000029900F080FBE2
:10D8A0000190002852D0002233780192002C02D03F
:10D8B000A41BA2000192202234009343502B51D08C
:10D8C00043461E604B46002B7DD1631B013B00216C
:10D8D000072B03DD01315B10072BFBDC039800F005
:10D8E00011FF8246002800D169E2142353440493B7
:10D8F000AC4200D8C6E19846002399463B0000267A
:10D900004746A8464D4699460CE0202E19D03200D5
:10D91000043649462378CB5C0F210B4093401D43CE
:10D9200044455ED0013C23782E2BEED14445ECD308
:10D9300001222000029900F033FB0028F0D0202EB5
:10D94000E5D120C7002204260025E2E7002C00D103
:10D950007CE12022A41BA30001933378340093437D
:10D96000502BADD163782B2B00D15FE12D2B00D054
:10D97000DCE00122A378A11CFB5C2600581E1828BD
:10D980009ED84E1C4978103B795C180000290AD1BA
:10D990000CE083001B185B000136581833781038F0
:10D9A000F95C002901D01929F3DD0300002A00D019
:10D9B0005B42019A94469C446346019343461E6031
:10D9C0004B46002B81D053465A42534106245B42BA
:10D9D0001C40200007B0F0BCBB46B246A946A0469A
:10D9E000F0BDB846A94646464B4608C6049B484685
:10D9F000F61A5346B6101E6100F062FF5B461D68C2
:10DA00007601301AA84270DC0026A84200DA0FE145
:10DA10005B46019A9B68934200DA28E15B46019AD3
:10DA20005B68934246DD9C1AA54200DD81E05A46C0
:10DA3000D268022A00D1ECE0032A00D13BE1012A9E
:10DA400000D0EAE0A54200D0E7E0012D08D0504622
:10DA5000691E01F0BDFB002800D1DEE05B465B687B
:10DA6000059A62241360012352461361049A1360DD
:10DA70005246109B1A60ACE73E4B01221900280069
:10DA8000029300F08DFA8146002875D16B786C1CEA
:10DA9000FA5C002A72D02500302B00D033E16B787D
:10DAA0000135302BFBD0FB5C59425941012289469C
:10DAB0009246E7E60124002E10D05B46DB68022B7D
:10DAC00064D0032B66D0012B06D1B20704D5049A8B
:10DAD00012681643334260D110231C435246109BF8
:10DAE0001A60059B019A1A6073E7441B2100504697
:10DAF00001F06EFB061E0FD01F210123601E0140A6
:10DB00008B404211049992008A5801261A4203D090
:10DB1000012800DDC1E0022621005046FFF734FE57
:10DB2000019B9C46A4446346019371E70022611C5B
:10DB300022E7671E002E00D0A2E0002F00D0A6E052
:10DB40001F21012339408B407A11049992008A5891
:10DB50001A4201D002231E4321005046FFF714FE53
:10DB60005B465B682D1B01930224A4E72E0092E61E
:10DB70001810011054F700102C002B78202293432A
:10DB8000502B00D192E043461C601CE70123119A00
:10DB90009B1A1193119B002B9ED053461F69049B27
:10DBA000BA009146180098460021484403E002C399
:10DBB000984200D883E01A68561CF8D001321A60E7
:10DBC000022C00D18BE01F231E0021242E402B426B
:10DBD00000D183E74B464344043B186800F070FED5
:10DBE00020239B1B984200DB78E753461B69002BE0
:10DBF00000DDB2E000235246136100235246536118
:10DC00005B46019A9B680132019293422FDB2124EB
:10DC100064E7119A002A00D122E75146039800F0E8
:10DC200099FD0023109A50241360D2E60022A1E649
:10DC30002C1A51462200039801F004F8019B8246F9
:10DC40001B1B0193142353440493E1E67378741C63
:10DC5000FA5C2600002A00D12DE673780136FA5CC2
:10DC6000002AFAD124E600238D1C9A46FEE551468F
:10DC7000039800F06FFD0023109AA3241360A8E618
:10DC800001265DE7049B984600239946ABE63900E0
:10DC9000504601F09DFA060052E75046A11E01F0E1
:10DCA00097FA002800D136E7032635E700230193D1
:10DCB0000133994656E6119A002AAED0D0E6534673
:10DCC0009B689F4222DA524601217B1C0437136174
:10DCD000BA0052445160049A9046022C87D15B46A8
:10DCE0001B682224013BAB4200D0F7E61F21012331
:10DCF00029408B4041466A11920054581C406342AF
:10DD00005C412134EAE601239A46BEE55346596850
:10DD10000398013100F0F6FC061E56D053465146DA
:10DD20001A690C31023292000C30F5F7E9F85146CD
:10DD3000039800F00FFD01213269B246531C0432F2
:10DD40009200B2183361516014229046B044022C04
:10DD5000C5D09F4200DB36E749E79B0043441A00E9
:10DD6000534650465B6918305B0882421DD94446D1
:10DD700019000368DB070B4308C402C84908824244
:10DD8000F7D80B005146521A193A92080132920004
:10DD900042441360002B0DD143465146D31A9B10C9
:10DDA0000B61424500D02BE727E742461360002B6A
:10DDB00002D042460432EFE7524613611DE70022CB
:10DDC000E421054B0548F6F7DFFC00228421024BD5
:10DDD0000248F6F7D9FCC04684FB001098FB0010FF
:10DDE000F0B557464E464546DE468846E0B50C003F
:10DDF00092461E00082183B00190464823001D78FA
:10DE00000134425D1142F9D12D2D5ED0002293469E
:10DE10002B2D33D0002E07D1302D62D00A230521BF
:10DE200099463D4F0A360DE0102E53D001203100A7
:10DE30004042F4F7B5F80700012031004042B146F6
:10DE4000F4F7AEF8002200202B00303B092B07D955
:10DE5000113B192B03D92B00613B192B11D80A3325
:10DE60009E420EDD551C06D0B84221D81ED04A462F
:10DE700050430122181825780134E5E725789C1CC9
:10DE8000C8E7531C17D05B46002B00D040425346D6
:10DE9000002B04D0002A15D1534642461A6003B025
:10DEA000F0BCBB46B246A946A046F0BD8B42DEDDC3
:10DEB00001225242DFE72223019910000B605346F2
:10DEC000002BECD0631E9846E6E725789C1C0123C6
:10DED0009B469FE7302D0FD010230F2199460F4FFF
:10DEE000B0E7202223789343582B0AD00823072138
:10DEF000994608260A4FA5E7202223789343582BFA
:10DF0000EAD1102365780F2199461026034F023479
:10DF100098E7C0465D07011099999919FFFFFF0F17
:10DF2000FFFFFF1F10B5FFF75BFF10BD10B504002A
:10DF30001300034A10680A002100FFF751FF10BDCB
:10DF40001810002010B504001300034A10680A00DE
:10DF50002100FFF745FF10BD1810002030B583B039
:10DF6000069D034C0095E4256459A04703B030BDDD
:10DF70005C15002082B000290AD0002A0BD0002BAB
:10DF80000BD013780B601078431E984102B0704795
:10DF900001A9002AF3D10020F8E702204042F5E76A
:10DFA00030B5002A26D003000B439B0724D1032A57
:10DFB00022D9164D0BE0043A002A1BD0144C1C1930
:10DFC0009C432C4216D104300431032A14D903682F
:10DFD0000C68A342EFD004780D78A54213D1012339
:10DFE00006E0C45CCD5CAC420DD101339A4201D055
:10DFF000002CF6D1002030BD04780D78AC4202D15F
:10E00000012AECD1F6E7601BF5E7C04680808080EE
:10E01000FFFEFEFEF0B588420AD98B18984207D25F
:10E02000531E002A03D0CA5CC254013BFBD2F0BD90
:10E0300005000F2A0AD8561E002AF8D00023CC5C0F
:10E040001A00EC5401339642F9D1F0E703273E0061
:10E050000D430C0003002E402F422DD11500103D22
:10E060002D09AC462F013F1825681D6065685D606D
:10E07000A5689D60E5681034DD601D001033BD4269
:10E08000F2D165460F230C2401352D0149191340A7
:10E090004519144213D0043B9B0801339B008C5953
:10E0A000AC5104369E42FAD103231A40AD198919A6
:10E0B000561E002AC2D1BAE70500561EBEE71A0056
:10E0C000B9E7C046014B18687047C04618100020D9
:10E0D00003000020FF2B03D8024A0830D35C18400D
:10E0E0007047C0465D070110F0B54546DE4657460D
:10E0F0004E46E0B587B00D00039198460821059083
:10E10000654801922B001C780135025D1142F9D15E
:10E110002D2C00D188E0002204922B2C67D043469E
:10E12000002B0FD1302C00D183E0053302935B4BE1
:10E130009A465B4B99460A23009300239B460A3379
:10E14000984615E0102B00D185E04246009301204F
:10E150004042C117DB179B46F3F760FF42468246F9
:10E1600089465B4601204042C117F3F757FF0292F0
:10E1700000220020002116E01C00A0451EDD531CDB
:10E180000FD049453BD801D1504538D8504531D002
:10E19000009A5B46F4F7F6FD2600E71780197941EF
:10E1A00001222C7801352300303B092BE4D92300D0
:10E1B000413B192B26D8373CA045E0DC531C27D027
:10E1C000049B002B04D003000C0000215842A14105
:10E1D000019B002B04D0002A23D1019B039A1A60D3
:10E1E00007B0F0BCBB46B246A946A046F0BD2C78AD
:10E1F0009D1C94E74945CBD1029B9C42C8DD01227E
:10E200005242CEE72300613B192BD7D8573CB4E7E5
:10E210002223059A01204042C1171360019B002B65
:10E22000DED06B1E0393D8E72C789D1C012304934A
:10E2300075E720222B789343582B1ED00723029397
:10E24000083B9A46174B99460823009300239B46A8
:10E25000083398468CE7302C0AD00F230293103BEA
:10E260009A46114B99461023009300239B467FE763
:10E2700020222B789343582BEFD10F230293103B8E
:10E280009A46094B6C7899461023009300239B46CD
:10E290001033984602356BE75D07011099999999FB
:10E2A00099999919FFFFFF1FFFFFFF0F10B5FFF7A7
:10E2B0001BFF10BD10B504001300034A10680A00CC
:10E2C0002100FFF711FF10BD1810002010B5040049
:10E2D0001300034A10680A002100FFF705FF10BD74
:10E2E0001810002070B50400080011001A00002367
:10E2F000054D2B60F6F70EFA431C00D070BD2B685D
:10E30000002BFBD02360F9E7141C002070B5060039
:10E310000C1E08D0002802D0436B002B3BD00C22EF
:10E32000A35E002B02D10025280070BD2100300023
:10E33000F9F784F9E36A0500002B04D03000E169A5
:10E34000984700281DDBA3891B061FD4216B0029D9
:10E3500008D023004033994202D03000F9F7EEFE96
:10E3600000232363616C002904D03000F9F7E6FE36
:10E3700000236364FBF7AAFC0023A381FBF7A8FC3E
:10E38000D2E70125A3896D421B06DFD53000216944
:10E39000F9F7D4FEDAE7FBF787FCC0E710B5034BCB
:10E3A00001001868FFF7B2FF10BDC046181000202A
:10E3B00070B5E025014C6459A04770BD5C15002084
:10E3C000002909D0FF2A02D801200A7070478A2349
:10E3D000036001204042F9E70020F7E770B5040030
:10E3E000080011001A000023054D2B60F6F7BAF95A
:10E3F000431C00D070BD2B68002BFBD02360F9E7D5
:10E40000141C0020F0B5C6461A4C00B52568002D36
:10E410002AD06C681F2C2ADC002808D10020631C3D
:10E420000234A4006B60615180BCB846F0BD8827FF
:10E43000A600AE19F2510137FF37BC460122AC44A9
:10E440006746A2403F68904617436246176084279C
:10E450007F00F3510228E1D1280042468D30FF3081
:10E46000036813430360D9E7034D2560D1E701201A
:10E470004042D9E7A81D0020181C0020002370B5D9
:10E48000074D0400080011002B60F6F76FF9431CDC
:10E4900000D070BD2B68002BFBD02360F9E7C0468D
:10E4A000141C0020002370B5064C050008002360F2
:10E4B000F6F760F9431C00D070BD2368002BFBD039
:10E4C0002B60F9E7141C002030B5026808E01378CF
:10E4D0001D00413D192D00D820330131A34206D142
:10E4E0000C780132002CF2D10260012030BD0020F6
:10E4F000FCE7C046F0B54546DE4657464E461F246B
:10E5000003000800E0B525001100006887B0421143
:10E51000920005408A180395044200D0A1E0100043
:10E52000171F021F9146002248460260186846786D
:10E53000002E00D1B2E001906E48049380464B4615
:10E540000F2000240022834601980193434602963F
:10E550003D0026008946B846390092461F00029CBD
:10E5600015E0202C00D98DE052450CDDA94201D9DF
:10E57000072E58DD0826A94505D2291F00239246FB
:10E580000D0000260B6084780130002C12D03B5D1A
:10E59000002BE6D001360132082E3CDC2C68240129
:10E5A000A4465C462340644623432B6084780130B4
:10E5B000002CECD1019B8C463400494647469946D5
:10E5C000002A6BD0654502D2072C00DC74E0A9421A
:10E5D0004AD20A002B0001CB01C29F42FBD26A1C27
:10E5E000781C0423904262D20022CB1804C39F42BD
:10E5F000FCD24B461B68002B05D1B94250D0043FDA
:10E600003B68002BF9D0052007B0F0BCBB46B246F2
:10E61000A946A046F0BDA945B5D20024043DA446B4
:10E6200001262C60BDE708239B1B9B009C462023F2
:10E6300064462E001C1B02952B6865460590944687
:10E6400020002A0075682C0084401C432B00D34016
:10E65000346073600436B142F4D86246029D059876
:10E6600088E71700101D5CE74B46039A1B68002AD9
:10E67000C7D02020801A01225242C24013404A468D
:10E680001360BEE7A24634005646474680460198CE
:10E690008C46049B49468146292E04D00420B3E7CA
:10E6A00001233B60AFE740460230186088E77D1BDE
:10E6B000AD080135AB0097E708262023361BB600CE
:10E6C0009B1B98462B6828001A000B0031006646F9
:10E6D000AC464546984644682300AB4013432200AD
:10E6E000CA400360426004308642F4D86546414621
:10E6F0006DE7C04618100110002001497047C04660
:10E700000000F87F436C70B504000D00002B0AD0A8
:10E71000AA009B18186800280ED002681A6000230F
:10E720000361C36070BD21220421F9F77FF9031E44
:10E730006064EDD10020F5E70126AE40721D012195
:10E7400020009200F9F772F90028F3D04560866046
:10E75000E5E7C046002906D04A68436C92009B1842
:10E760001A680A6019607047F0B5C6461F008046F7
:10E77000002300B50E000D6914310C68013320042C
:10E78000000C5043240C5443C019070CE419000436
:10E79000270C000C2404241810C19D42EDDC002F2E
:10E7A00008D0B368AB4209DD2B1D9B00F31801357F
:10E7B0005F603561300080BCB846F0BD716840468E
:10E7C0000131FFF79FFF041E17D0310032690C3171
:10E7D000023292000C30F4F793FB434672685B6C94
:10E7E00092009B181A6832601E6026002B1D9B0049
:10E7F000F31801355F603561DCE70022BA21024B76
:10E800000248F5F7C1FFC04684FB0010CCFB0010A6
:10E81000F8B54746CE460600180080B50C00083013
:10E8200009211F009046F3F793FB092F3BDD0125DB
:10E8300000216D000131A842FBDC3000FFF762FFD0
:10E84000011E32D0089B4361012303614346092B1B
:10E8500016DC092398460A3447450CDD4346E71980
:10E86000FF1A23780A223000303BFFF77DFF013486
:10E870000100BC42F5D10800C0BCB946B046F8BDA5
:10E8800009239946A1444D4644442B780A2230007E
:10E89000303BFFF769FF01350100A542F5D1444641
:10E8A000083C4C44D8E70021C7E70022024B03484C
:10E8B000D331F5F769FFC04684FB0010CCFB001094
:10E8C0008022030052020020934201D21B04103028
:10E8D00080225204934201D208301B02802252054A
:10E8E000934201D204301B018022D205934203D30C
:10E8F000DB43DB0FC018704799009B0004D4033042
:10E900001142F8D12020F6E70230F4E70368020054
:10E91000590707D0D9071ED4990720D55B08036093
:10E92000012070470020190401D11B0C1030FF2179
:10E93000194201D108301B0A190701D104301B0903
:10E94000990701D102309B08D90702D401305B0836
:10E9500003D01360E5E70020E3E72020E1E79B0810
:10E9600003600220DDE7C046436C70B504000D0073
:10E97000002B0AD05868002815D002685A6000237E
:10E98000C36001334561036170BD21220421F9F7A1
:10E990004DF8031E6064EDD146210022084B094862
:10E9A000FF31F5F7F1FE1C2201212000F9F73EF8B6
:10E9B0000028F1D00123436001338360DFE7C046C4
:10E9C00084FB0010CCFB0010F0B54E465746454680
:10E9D000DE46E0B50B6916698A469146984685B0D1
:10E9E000B34204DB330089464646924698464B467E
:10E9F00059684346F5184B469B68AB4200DA013133
:10EA0000FFF780FE071E00D1A9E014239C46844432
:10EA10006346AC00644418000022A34202D204C33F
:10EA20009C42FCD814234B449B46434651469B00D2
:10EA300098461431B60088445E44414574D204239C
:10EA40009A464B4615339E4200D380E05B460193C5
:10EA5000434600935346B446A246AB46B9460C0023
:10EA6000029306E02D0C31D1009B04340430A34204
:10EA700057D925682B04190C002BF3D0019D534660
:10EA8000A04600260C0082462F00039308CF0168A1
:10EA90001A04120C62431B0C0D0463432D0C521913
:10EAA0009219090C5B18110C5B1812041E0C120C45
:10EAB0001B04134308C0BC45E8D850464446039B9A
:10EAC0009A46029BC65025682D0CCDD00600002228
:10EAD0000368A046604619001400B446019F3A88B6
:10EAE000090C6A43121952181B0411041B0C0B4326
:10EAF000336010CF7168240C6C430B041B0CE318BB
:10EB0000120C9B181C0C0436B842E8D862468446A6
:10EB100010004446029A04348350009B0430A34200
:10EB2000A7D854465D464F46002D03DC06E0013D64
:10EB3000002D03D0043C2368002BF8D038003D6141
:10EB400005B0F0BCBB46B246A946A046F0BD4B4658
:10EB5000F31A153B9B0801339B009A4676E7B121D7
:10EB60000022024B02484900F5F70EFE84FB00101C
:10EB7000CCFB0010F8B5032347461400CE461A001C
:10EB800080B50E0007002240234234D1A41023D0C8
:10EB90003D6C002D38D0012398460023994643460A
:10EBA000234208D1641017D02868002819D0050026
:10EBB00043462342F6D02A0031003800FFF704FF15
:10EBC000002E06D072687B6C92009B181A68326027
:10EBD0001E6006006410E7D13000C0BCB946B046E4
:10EBE000F8BD2A0029003800FFF7EEFE4B462860EA
:10EBF00005000360DCE70F4B013A9200D258002376
:10EC0000FFF7B2FD0600C1E701213800FFF77AFDEA
:10EC1000051E07D0084B43610123036100233864BC
:10EC20000360B8E746210022044B0548FF31F5F7A1
:10EC3000ABFDC046181101107102000084FB0010EA
:10EC4000CCFB0010F0B54546DE4657464E46E0B5D3
:10EC50000D002B6954119846A04443465E1CAB68D6
:10EC600083461700496883B09E4203DD01315B0093
:10EC70009E42FBDC5846FFF745FD8446002853D0F2
:10EC8000010014310B000191002C0CDDA4002200C6
:10EC900000201432624401C39342FCD1019B994687
:10ECA000A1444B4601931F222B0011002C69143301
:10ECB000A40039408A461C193A422FD00132521A18
:10ECC00091460027019851461A688A403A4304C089
:10ECD0004A4680CBD7409C42F5D82A0015320423FF
:10ECE000944204D3631B153B9B0801339B00019A9C
:10ECF000D750002F00D1464663461E615B466046F2
:10ED00006A685B6C92009B181A682A601D6003B0E9
:10ED1000F0BCBB46B246A946A046F0BD019904CB63
:10ED200004C19C42FBD8E6E7EF210022024B0348D6
:10ED30004900F5F729FDC04684FB0010CCFB00100C
:10ED400002690B6930B50500D01A9A4214D19B00B4
:10ED500014351431EA18CB1801E095420CD2043A6C
:10ED6000043B146819688C42F7D000238C425B4145
:10ED700002205B421840013830BDC046F0B5454620
:10ED800090465746DE464E464346E0B50A691B6943
:10ED90000F0083B0D11A9A4200D098E03D0042465D
:10EDA0009900143514326B18521802E09D4200D3BA
:10EDB00095E0043B043A1C6811688C42F6D00125AA
:10EDC0008C4203D343460025B8461F00434659688A
:10EDD000FFF798FC8446002800D194E014224244B6
:10EDE0009146142243463900624492460022C5608F
:10EDF00038691B69143180004D4608189C004C444A
:10EE0000BB4614260700994610000A00009501949D
:10EE1000434602CA9D590B042C041B0C240CE41A13
:10EE200063462418090C2D0C6D1A2114691824044A
:10EE30000814240C09040C439C5104369742E7D86B
:10EE4000020038005F4600994B468946390000268B
:10EE5000153188427641C01B15388008250083464D
:10EE60000427019CF1B2002E36D14846C019574400
:10EE7000B8463E009946070084423BD9130020CF94
:10EE80002904090C891809142A0CED1889182D0475
:10EE90000A142D0C09040D4320C6BC42EED8013CD7
:10EEA000221A9208920042444B461600002D04D1CB
:10EEB000043E3268013B002AFAD062461361604684
:10EEC00003B0F0BCBB46B246A946A046F0BD012542
:10EED000002900DB76E779E7471CBF00C5E7002182
:10EEE000FFF710FC8446002813D0012303610023A0
:10EEF0004361E4E70026002901D15644D6E75A468B
:10EF000096005644D2E70022054B06480649F5F71D
:10EF10003BFC0022024B03480449F5F735FCC04690
:10EF200084FB0010CCFB00104502000037020000FB
:10EF30000D4A0E4B94460B4063440022002B02DD29
:10EF40001900100070475B421915132903DC802358
:10EF50001B030B41F4E7143901221E2902DC802235
:10EF60001206CA400023EBE70000C0FC0000F07F5F
:10EF7000F8B506004746CE4604691436A400341995
:10EF8000231F1D6880B528000F009846FFF798FCE6
:10EF90002022111A030039600A282EDD07000B3FDA
:10EFA000464519D208235B429C46A44463461B682D
:10EFB000002F1AD01900D21BD140BD409146194AEA
:10EFC0000D432A431100BB40664511D24A460C3C12
:10EFD0002468D44023430BE00B2805D0BD40114BDF
:10EFE0002B431900002303E000230E4A2A4311009B
:10EFF0001800C0BCB946B046F8BD2F00153A121A29
:10F00000D7409146074A3A4311000027464503D2AC
:10F010004A46083C2768D74015339D402B003B43A8
:10F02000E6E7C0460000F03FF0B5012183B01400D0
:10F030001D00FFF767FB061E4AD02B036F001B0B5A
:10F040007F0D02D08022520313430193002C16D16E
:10F0500001A8FFF75BFC0124019B20307361346140
:10F06000002F24D01D4B35249C46089B67443F1835
:10F070001F60241A3000099B1C6003B0F0BD684675
:10F080000094FFF743FC019C00281FD0202322009E
:10F090001B1A9A40C4401300009A019413437361F1
:10F0A000B461631E9C4101343461002FDAD10C4BF2
:10F0B0009C46089B604418600A4BE3189B00F318B9
:10F0C0005869FFF7FDFB6401241AD3E7009BE6E7CC
:10F0D0000022054B05480649F5F756FBCDFBFFFF1F
:10F0E000CEFBFFFFFFFFFF3F84FB0010CCFB0010B7
:10F0F0000F030000F0B5CE46474680B585B0884680
:10F1000002A98146FFF734FF04000D00404603A921
:10F11000FFF72EFF02000B004046494600690969CF
:10F1200000920193091A4901884602980399401AEE
:10F130000100414400290BDD09054F193D00200065
:10F140002900F3F77AF905B0C0BCB946B046F0BD66
:10F1500009055B1A0193009A019BF0E710B50400C2
:10F16000172809DD002007490022074B013CF3F76F
:10F1700082F9002CF8D110BD044BC4001B1918688B
:10F180005968F8E70000F03F0000244078110110B2
:10F190001300013970B54C11116901341433890021
:10F1A000A400591804198B420AD2050040CB40C56F
:10F1B0009942FBD88B1A153B9B0801339B00C01862
:10F1C000844203D9002308C08442FCD870BDC046E5
:10F1D00010B5040002691434481182420ADA920020
:10F1E000A31803E0043B1A68002A14D1A342F9D8FB
:10F1F000002010BD8300E3188242F7DD1F221000BB
:10F2000008400A42F2D019680A00C2408240012038
:10F210009142EED1EAE70120EBE7C046034B10B57F
:10F22000002B02D00248FAF78DFD10BD000000004F
:10F230008DBF0010F8B5C04601B40248844601BC39
:10F24000604700BFC902002001B40248844601BCE7
:10F25000604700BF2D02002001B40248844601BC73
:10F26000604700BFCD0E002001B40248844601BCB7
:10F27000604700BF850B002001B40248844601BCF2
:10F28000604700BFCD0E002001B40248844601BC97
:10F29000604700BFC100002001B40248844601BCA1
:10F2A000604700BF9D01002001B40248844601BCB4
:10F2B000604700BF0101002001B40248844601BC40
:10F2C000604700BF3D0C002001B40248844601BCE9
:10F2D000604700BF8903002001B40248844601BC96
:10F2E000604700BFAD0B002001B40248844601BC5A
:10F2F000604700BFED0B0020C91D0010F51D001078
:10F30000411F0010E52E00107D260010312E001048
:10F31000691E0010111E0010311E0010451E001045
:10F32000351000104D1E0010FD130010911D00102F
:10F33000690C00101DF20010FD020010A552001013
:10F340004E6F2076616C696420696E7075742E2032
:10F35000506C656173652074727920616761696EB4
:10F360002E00000025630A00456E74657220796FD7
:10F370007572206D6573736167653A200000000047
:10F380004572726F722072656164696E6720696E82
:10F390007075742E20506C656173652074727920CD
:10F3A000616761696E2E00005761726E696E673A1F
:10F3B00020496E707574207472756E636174656433
:10F3C0002064756520746F206C656E677468206CAE
:10F3D000696D69742E20436C656172696E67206285
:10F3E00075666665722E00006265666F72652063E1
:10F3F0006C65616E20696E70757400004E6F2076CA
:10F40000616C6964206C65747465727320746F201C
:10F4100070726F636573732E20506C656173652025
:10F4200074727920616761696E2077697468206CF5
:10F430006574746572732E004F75747075743A201C
:10F44000000000000A2D2D2D20436F6E6669677540
:10F45000726174696F6E204D656E75202D2D2D00C3
:10F460005B315D2053657420506C7567626F61720B
:10F47000640000005B325D2053657420526F746F2E
:10F4800072204F72646572005B335D205365742097
:10F4900052696E672053657474696E67730000006B
:10F4A0005B345D204261636B20746F204D61696E37
:10F4B000204D656E7500000043686F6F73653A20DC
:10F4C00000000000506C6561736520456E746572C4
:10F4D0002074686520526F746F72204F7264657279
:10F4E0002028652E672E2C203120322033293A2007
:10F4F00000000000496E707574206572726F722E84
:10F500000000000025642025642025640000000020
:10F51000496E76616C696420726F746F72206F72CD
:10F5200064657220696E7075742E0000456E746596
:10F53000722072696E672073657474696E677320D8
:10F5400028312D32362920666F7220726F746F72E7
:10F5500073203120322033207365706172617465CD
:10F56000642062792073706163653A2000000000B6
:10F5700052696E672073657474696E677320736572
:10F580007420746F3A2025642025642025640A00C5
:10F59000496E76616C696420696E70757420666F5F
:10F5A000722072696E672073657474696E67732E5A
:10F5B00000000000496E76616C6964206F707469A8
:10F5C0006F6E2E20506C656173652063686F6F737A
:10F5D0006520312D342E0000436F6E6669677572A9
:10F5E0006174696F6E206C6F61646564207375630C
:10F5F0006365737366756C6C792E0000436F6E667D
:10F60000696775726174696F6E20736176656420D5
:10F610007375636365737366756C6C792E00000097
:10F62000526573657420616C6C20456E69676D610D
:10F630002073657474696E677320746F20646566E7
:10F6400061756C74733F2028792F6E293A20000071
:10F65000416C6C2073657474696E67732072657396
:10F66000657420746F2064656661756C74732E0018
:10F6700045786974696E6720456E69676D612053CE
:10F68000696D756C61746F722E20476F6F6462795B
:10F6900065210000496E76616C69642073656C6554
:10F6A0006374696F6E2E20506C65617365206368AA
:10F6B0006F6F736520452C20442C20432C204C2C4C
:10F6C00020532C20522C206F7220512E000000005D
:10F6D000526F746F727320726573657420746F203B
:10F6E00064656661756C7420706F736974696F6EA0
:10F6F0002E0000004C4544732073657475702063C0
:10F700006F6D706C6574652E00000000526F746F31
:10F7100072206F726465722073657420746F3A2072
:10F7200025642025642025640A0000004C6F616474
:10F73000656420636F6E66696775726174696F6E68
:10F740002066726F6D2073746F7261676520287315
:10F75000747562292E000000536176656420636F22
:10F760006E66696775726174696F6E20746F20735D
:10F77000746F72616765202873747562292E0000AA
:10F78000506C6561736520696E707574207468656E
:10F790002074776F206C657474657273207468616F
:10F7A0007420796F752077616E7420746F20737781
:10F7B00061702028652E672E2C20412046293A00B2
:10F7C0002025632025630000506C7567626F6172AD
:10F7D00064206D617070696E672075706461746516
:10F7E000643A202563203C2D3E2025630A0000005A
:10F7F000496E76616C6964206C65747465727320FF
:10F80000656E7465726564210000000057656C6365
:10F810006F6D6520746F20746865205069636F2078
:10F82000456E69676D612053696D756C61746F72A7
:10F83000210000002A2A2A2A2A2A2A2A2A2A2A2AAF
:10F840002A2A2A2A2A2A2A2A2A2A2A2A2A2A2A2A18
:10F850002A2A2A2A2A2A2A2A2A2A2A2A00000000B0
:10F860002A2020202020202020202020202020208E
:10F870002020202020202020202020202020202088
:10F88000202020202020202A000000002A202020E4
:10F890002020202020205069636F20456E69676D0D
:10F8A000612053696D756C61746F72202020202077
:10F8B0002020202A000000000A2D2D2D204D6169F6
:10F8C0006E204D656E75202D2D2D00005B455D2051
:10F8D000456E6372797074204D657373616765005E
:10F8E0005B445D2044656372797074204D65737369
:10F8F000616765005B435D20436F6E666967757283
:10F900006520456E69676D612028526F746F727350
:10F910002C20506C7567626F6172642C2052696E86
:10F92000677329005B4C5D204C6F616420436F6EF0
:10F9300066696775726174696F6E2066726F6D209B
:10F94000466C6173680000005B535D20536176650F
:10F9500020436F6E66696775726174696F6E20749B
:10F960006F20466C617368005B525D205265736561
:10F970007420416C6C2053657474696E67732074D5
:10F980006F2044656661756C747300005B515D2087
:10F990005175697400000000456E74657220796FBE
:10F9A00075722063686F6963653A20000A2A2A2A03
:10F9B0002050414E4943202A2A2A0A004E6F2073C4
:10F9C00070696E6C6F636B73206172652061766124
:10F9D000696C61626C6500004E6F20757365722002
:10F9E000495251732061726520617661696C616270
:10F9F0006C650000486172647761726520616C61BA
:10FA0000726D20256420616C726561647920636C7D
:10FA100061696D6564000000486172642061737300
:10FA2000657274004F7574206F66206D656D6F721E
:10FA30007900000052656C6561736500626F6F74D8
:10FA4000325F77323571303830000000322E312E7F
:10FA5000310000007069636F00000000656E696727
:10FA60006D61000041756720313020323032350041
:10FA7000666E692B00000000666E69006E616E00A4
:10FA8000666E692D000000002C2066756E63746937
:10FA90006F6E3A2000000000617373657274696FC5
:10FAA0006E2022257322206661696C65643A2066A7
:10FAB000696C6520222573222C206C696E652025D7
:10FAC00064257325730A00005553422073746469DA
:10FAD0006E202F207374646F757400005261737010
:10FAE0006265727279205069000000005069636F8E
:10FAF00000000000426F6172642043444300000034
:10FB00005265736574000000556E68616E646C65C3
:10FB1000642049525120307825780A0065702025EC
:10FB20003032582077617320616C7265616479208E
:10FB3000617661696C61626C6500000043616E27EB
:10FB40007420636F6E74696E7565207866657220C7
:10FB50006F6E20696E61637469766520657020251B
:10FB60003032580065256C64000000006E660000AD
:10FB7000696E697479000000616E0000504F53494E
:10FB80005800000042616C6C6F632073756363659D
:10FB900065646564000000002E2E2F2E2E2F2E2E61
:10FBA0002F2E2E2F2E2E2F2E2E2F6E65776C696204
:10FBB0002F6C6962632F7374646C69622F6764745D
:10FBC0006F612D6765746865782E63002E2E2F2E69
:10FBD0002E2F2E2E2F2E2E2F2E2E2F2E2E2F6E65C9
:10FBE000776C69622F6C6962632F7374646C6962ED
:10FBF0002F6D707265632E63000000002A040010F0
:10FC0000C4030010C4030010AA030010AA030010CC
:10FC1000AA030010AA030010AA030010AA030010F0
:10FC200006050010AA030010AA030010AA03001082
:10FC3000AA030010F0040010C0040010B404001067
:10FC40001800000011000000140000000700000070
:10FC500010000000120000000B0000000300000074
:10FC60000F000000170000000D000000060000005B
:10FC70000E0000000A0000000C0000000800000058
:10FC80000400000001000000050000001900000051
:10FC9000020000001600000015000000090000002E
:10FCA000000000001300000010000000040000002D
:10FCB0001500000009000000190000000400000009
:10FCC0000A0000000C000000050000000B0000000E
:10FCD00006000000030000001000000015000000F6
:10FCE000190000000D000000130000000E000000CD
:10FCF00016000000180000000700000017000000B8
:10FD000014000000120000000F00000000000000BE
:10FD100008000000010000001100000002000000C7
:10FD200009000000000000000900000003000000BE
:10FD30000A0000001200000008000000110000008E
:10FD40001400000017000000010000000B0000007C
:10FD50000700000016000000130000000C00000067
:10FD60000200000010000000060000001900000062
:10FD70000D0000000F00000018000000050000004A
:10FD8000150000000E00000004000000010000004B
:10FD9000030000000500000007000000090000004B
:10FDA0000B000000020000000F0000001100000026
:10FDB00013000000170000001500000019000000EB
:10FDC0000D00000018000000040000000800000002
:10FDD0001600000006000000000000000A000000FD
:10FDE0000C000000140000001200000010000000D1
:10FDF0000E00000004000000120000000E000000D1
:10FE0000150000000F0000001900000009000000AC
:10FE100000000000180000001000000014000000A6
:10FE2000080000001100000007000000170000009B
:10FE30000B0000000D000000050000001300000092
:10FE4000060000000A00000003000000020000009D
:10FE50000C0000001600000001000000150000006A
:10FE60001900000001000000110000000600000061
:10FE7000080000001300000018000000140000003B
:10FE80000F00000012000000030000000D00000041
:10FE9000070000000B000000170000000000000039
:10FEA000160000000C000000090000001000000017
:10FEB0000E00000005000000040000000200000029
:10FEC0000A00000000000000FFFFFFFFFFFFFF7FB0
:10FED00006005250D3F0754234FA0010060052501A
:10FEE000E182887F3CFA001006005250ABB36053A9
:10FEF0004CFA001006005250BBFF3CB654FA0010FA
:10FF000006005250861C03025CFA00100600525094
:10FF10005422A29D64FA001005005250DE65F46878
:10FF200070280110303B0010E03A0010E03A001059
:10FF3000283B0010E03A0010E03A0010E03A0010D0
:10FF4000E03A0010E03A0010E03A0010E03A001009
:10FF5000203B0010E03A0010183B0010E03A00107F
:10FF6000E03A0010103B0010E43D0010463B00104A
:10FF7000DE3D0010463B0010C83D0010463B00101F
:10FF8000463B0010463B0010463B0010463B00102D
:10FF9000463B0010463B0010383B0010463B00102B
:10FFA000463B0010463B0010463B0010463B00100D
:10FFB000383B00106C3E00109A3A00109A3A00103C
:10FFC0009A3A00109A3A00109A3A00109A3A0010A1
:10FFD0009A3A00109A3A00109A3A00109A3A001091
:10FFE0009A3A00109A3A00109A3A00109A3A001081
:10FFF0009A3A00109A3A00109A3A00109A3A001071
:020000041001E9
:100000009A3A00109A3A00109A3A00109A3A001060
:100010009A3A00109A3A00109A3A00109A3A001050
:100020009A3A00109A3A00109A3A00109A3A001040
:100030009A3A0010F83D0010383E0010F83D0010CC
:100040009A3A00109A3A00109A3A00109A3A001020
:100050009A3A00109A3A00109A3A00109A3A001010
:100060009A3A00109A3A00109A3A00109A3A001000
:100070009A3A00109A3A00109A3A00109A3A0010F0
:100080000C4000109A3A00109A3A00109A3A001068
:100090009A3A00109A3A00109A3A00109A3A0010D0
:1000A0009A3A00109A3A00100C4000107E3E001060
:1000B0000C400010F83D0010383E0010F83D0010D4
:1000C000000000000000F03F00000000000024409D
:1000D00000000000000059400000000000408F4078
:1000E000000000000088C34000000000006AF840E3
:1000F0000000000080842E4100000000D012634107
:100100000000000084D797410000000065CDCD417C
:100110000D0A000000000000ED4C0010000000007F
:10012000F14C0010FD4C0010294D0010254D001021
:10013000000000000A00000000000306A6000800FE
:10014000020002009C001400030057494E55534220
:10015000000000000000000000008000040001001A
:1001600028004400650076006900630065004900CE
:100170006E00740065007200660061006300650037
:10018000470055004900440000004E007B0062001B
:1001900063003700330039003800630031002D0060
:1001A00037003300630064002D00340063006200F8
:1001B00037002D0039003800620038002D0039006A
:1001C00031003300610038006600630061003700D1
:1001D0006200660036007D0000000000050F21006F
:1001E000011C100500DF60DDD88945C74C9CD26535
:1001F0009D9E648A9F00000306A600010000000087
:100200000600525053B4F4A1C8FA001000000000D8
:10021000DCFA0010ECFA001058290020F4FA001063
:1002200000FB001009025400030100807D080B0050
:100230000202020000090400000102020004052479
:100240000020010524010001042402060524060003
:10025000010705810308001009040100020A0000DB
:100260000007050202400000070582024000000965
:1002700004020000FF00010512011002EF0201401C
:100280008A2E0A0000010102030100000C5900102F
:10029000745A0010C45A00104C5A00105E5A0010D4
:1002A0003C5A0010AC590010585900104C5900101D
:1002B0002E5E0010145E0010E45B00104E5E001015
:1002C000E45B0010FC5D0010E85D0010E45B0010D2
:1002D000D45D0010DA5C0010E45B0010BA6000101E
:1002E000AC600010A0600010E45B0010E45B001044
:1002F0008A600010AC600010E45B0010E45B00104A
:10030000E45B0010E45B0010E45B0010E45B0010B1
:10031000E45B0010406000100E0D00200E0D002068
:10032000580D0020780D0020BC0D0020CE0D0020BF
:10033000040D00200000000055660010C566001086
:10034000F966001045670010ED670010D5680010D1
:100350000000000000000000D5690010316A0010A4
:100360004D6A0010756A00108D4D00109D6B0010D5
:100370000000000092830010A6830010A6830010E6
:10038000A6830010A683001006890010A683001023
:10039000A6830010A6830010A6830010A683001079
:1003A0003684001036840010368400103684001025
:1003B0003684001036840010368400103684001015
:1003C0003684001036840010A6830010A683001027
:1003D000A6830010A6830010A6830010A683001039
:1003E000A6830010A6830010A6830010A683001029
:1003F000FC8800104C840010A68300104C84001070
:10040000A6830010A6830010A6830010A683001008
:1004100046870010A6830010A6830010F287001004
:10042000A6830010A6830010A6830010A6830010E8
:10043000A6830010A6830010A6830010A6830010D8
:1004400030870010A6830010A68300108A87001052
:10045000A6830010A6830010A6830010A6830010B8
:10046000A6830010A6830010A6830010E687001064
:10047000068800104C8400104C8400104C8400103E
:100480001688001026880010A6830010A68300108E
:10049000E4880010A683001056870010C490001056
:1004A0007A870010A6830010A683001082870010B0
:1004B000A6830010CC900010A6830010A683001025
:1004C000308700108C860010D88400108C860010B5
:1004D000D8840010D88400101287001022850010E4
:1004E0002285001022850010228500102285001030
:1004F0002285001022850010228500102285001020
:10050000D8840010D8840010D8840010D88400103B
:10051000D8840010D8840010D88400108085001082
:100520001E8500101E8500101E85001036850010E7
:1005300070860010D8840010D884001098850010B0
:10054000D8840010D8840010D8840010D8840010FB
:10055000DE860010D8840010D6860010D8840010E3
:10056000D8840010D8840010C8860010D8840010E9
:10057000D8840010D884001098860010748500106C
:10058000D8840010D8840010D8840010D8840010BB
:10059000D8840010D8840010D88400108085001002
:1005A0001E8500101E8500101E8500103685001067
:1005B00070860010D8840010D88400109885001030
:1005C000D8840010D8840010D8840010D88400107B
:1005D000DE860010D8840010D6860010D884001063
:1005E000D8840010D8840010C8860010D884001069
:1005F000D8840010D88400109886001074850010EC
:10060000568A0010DC890010568A0010DC89001020
:10061000DC890010708A0010288A0010288A0010D7
:10062000288A0010288A0010288A0010288A0010C2
:10063000288A0010608A0010608A0010DC8900108F
:10064000DC890010DC890010DC890010DC890010D6
:10065000DC890010DC890010B8890010B88900100E
:10066000B8890010B8890010B8890010B889001046
:10067000DC890010DC890010DC890010DC890010A6
:10068000DC890010DC890010DC890010DC89001096
:10069000DC890010DC890010DC890010DC89001086
:1006A000DC890010DC890010DC890010DC89001076
:1006B000DC890010388A0010DC890010DC89001009
:1006C000DC890010DC890010DC890010DC89001056
:1006D000DC890010DC890010B8890010B88900108E
:1006E000B8890010B8890010B8890010B8890010C6
:1006F000DC890010DC890010DC890010DC89001026
:10070000DC890010DC890010DC890010DC89001015
:10071000DC890010DC890010DC890010DC89001005
:10072000DC890010DC890010DC890010DC890010F5
:10073000DC890010388A00100A0001000200030062
:100740000400050006000700080009000A000B006D
:100750000C000D000E000F001000000000202020F3
:100760002020202020202828282828202020202061
:100770002020202020202020202020202088101031
:10078000101010101010101010101010100404048D
:10079000040404040404041010101010101041414B
:1007A0004141414101010101010101010101010139
:1007B000010101010101010110101010101042424D
:1007C0004242424202020202020202020202020209
:1007D00002020202020202021010101020000000A9
:1007E0000000000000000000000000000000000009
:1007F00000000000000000000000000000000000F9
:1008000000000000000000000000000000000000E8
:1008100000000000000000000000000000000000D8
:1008200000000000000000000000000000000000C8
:1008300000000000000000000000000000000000B8
:1008400000000000000000000000000000000000A8
:100850000000000000000000000000000000000098
:10086000D69D0010EA9D0010EA9D0010EA9D001040
:10087000EA9D001048A30010EA9D0010EA9D0010B8
:10088000EA9D0010EA9D0010EA9D00107A9E00107B
:100890007A9E00107A9E00107A9E00107A9E0010B8
:1008A0007A9E00107A9E00107A9E00107A9E0010A8
:1008B0007A9E0010EA9D0010EA9D0010EA9D00104B
:1008C000EA9D0010EA9D0010EA9D0010EA9D0010CC
:1008D000EA9D0010EA9D0010EA9D00103EA3001062
:1008E000909E0010EA9D0010909E0010EA9D00105E
:1008F000EA9D0010EA9D0010EA9D001088A10010FA
:10090000EA9D0010EA9D001034A20010EA9D00103C
:10091000EA9D0010EA9D0010EA9D0010EA9D00107B
:10092000EA9D0010EA9D0010EA9D001072A10010DF
:10093000EA9D0010EA9D0010CCA10010EA9D001075
:10094000EA9D0010EA9D0010EA9D0010EA9D00104B
:10095000EA9D0010EA9D001028A2001048A2001095
:10096000909E0010909E0010909E001058A20010C3
:1009700068A20010EA9D0010EA9D001026A3001056
:10098000EA9D001098A1001008AB0010BCA1001057
:10099000EA9D0010EA9D0010C4A10010EA9D00101D
:1009A00010AB0010EA9D0010EA9D001072A100102B
:1009B000CEA000101C9F0010CEA000101C9F0010A5
:1009C0001C9F001054A10010669F0010669F00102D
:1009D000669F0010669F0010669F0010669F0010C3
:1009E000669F0010669F0010669F00101C9F0010FD
:1009F0001C9F00101C9F00101C9F00101C9F0010CB
:100A00001C9F00101C9F0010C49F0010629F0010CC
:100A1000629F0010629F00107A9F0010B2A0001029
:100A20001C9F00101C9F001000A000101C9F0010B5
:100A30001C9F00101C9F00101C9F001020A1001084
:100A40001C9F001018A100101C9F00101C9F00107C
:100A50001C9F00100AA100101C9F00101C9F00107A
:100A60001C9F0010DAA00010B89F00101C9F0010FF
:100A70001C9F00101C9F00101C9F00101C9F00104A
:100A80001C9F00101C9F0010C49F0010629F00104C
:100A9000629F0010629F00107A9F0010B2A00010A9
:100AA0001C9F00101C9F001000A000101C9F001035
:100AB0001C9F00101C9F00101C9F001020A1001004
:100AC0001C9F001018A100101C9F00101C9F0010FC
:100AD0001C9F00100AA100101C9F00101C9F0010FA
:100AE0001C9F0010DAA00010B89F00109AA40010FC
:100AF00020A400109AA4001020A4001020A400102C
:100B0000B4A400106CA400106CA400106CA400101D
:100B10006CA400106CA400106CA400106CA4001055
:100B2000A4A40010A4A4001020A4001020A400106D
:100B300020A4001020A4001020A4001020A4001065
:100B400020A40010FCA30010FCA30010FCA30010C4
:100B5000FCA30010FCA30010FCA3001020A40010B4
:100B600020A4001020A4001020A4001020A4001035
:100B700020A4001020A4001020A4001020A4001025
:100B800020A4001020A4001020A4001020A4001015
:100B900020A4001020A4001020A4001020A4001005
:100BA0007CA4001020A4001020A4001020A4001099
:100BB00020A4001020A4001020A4001020A40010E5
:100BC00020A40010FCA30010FCA30010FCA3001044
:100BD000FCA30010FCA30010FCA3001020A4001034
:100BE00020A4001020A4001020A4001020A40010B5
:100BF00020A4001020A4001020A4001020A40010A5
:100C000020A4001020A4001020A4001020A4001094
:100C100020A4001020A4001020A4001020A4001084
:100C20007CA400100A00010002000300040005007B
:100C300006000700080009000A000B000C000D0068
:100C40000E000F001000000002B0001018B00010DD
:100C500018B0001018B0001018B000104AB40010FE
:100C600018B0001018B0001018B0001018B0001024
:100C700018B00010CEB00010CEB00010CEB00010F2
:100C8000CEB00010CEB00010CEB00010CEB000102C
:100C9000CEB00010CEB00010CEB0001018B00010D2
:100CA00018B0001018B0001018B0001018B00010E4
:100CB00018B0001018B0001018B0001018B00010D4
:100CC00018B0001076B2001018B0001018B0001064
:100CD00018B0001018B0001018B0001018B00010B4
:100CE00018B0001004B4001018B0001018B00010B4
:100CF00014B4001018B0001018B0001018B0001094
:100D000018B0001018B0001018B0001018B0001083
:100D100018B00010E4B0001018B0001018B00010A7
:100D200084B1001018B0001018B0001018B00010F6
:100D300018B0001018B0001018B0001018B0001053
:100D40008CB200109AB2001018B0001018B0001049
:100D500018B00010A2B20010C8B2001018B00010F5
:100D600018B0001034B4001018B000103CB20010DD
:100D70003EBB00106CB2001018B0001018B000108C
:100D80002AB4001018B0001046BB001018B00010B4
:100D900018B00010E4B0001052B50010C8B4001034
:100DA00052B50010C8B40010C8B400106CB50010E3
:100DB00024B5001024B5001024B5001024B500108F
:100DC00024B5001024B5001024B500105CB5001047
:100DD0005CB50010C8B40010C8B40010C8B400104E
:100DE000C8B40010C8B40010C8B40010C8B40010D3
:100DF000A6B40010A6B40010A6B40010A6B400104B
:100E0000A6B40010A6B40010C8B40010C8B40010F6
:100E1000C8B40010C8B40010C8B40010C8B40010A2
:100E2000C8B40010C8B40010C8B40010C8B4001092
:100E3000C8B40010C8B40010C8B40010C8B4001082
:100E4000C8B40010C8B40010C8B4001034B5001005
:100E5000C8B40010C8B40010C8B40010C8B4001062
:100E6000C8B40010C8B40010C8B40010C8B4001052
:100E7000A6B40010A6B40010A6B40010A6B40010CA
:100E8000A6B40010A6B40010C8B40010C8B4001076
:100E9000C8B40010C8B40010C8B40010C8B4001022
:100EA000C8B40010C8B40010C8B40010C8B4001012
:100EB000C8B40010C8B40010C8B40010C8B4001002
:100EC000C8B40010C8B40010C8B4001034B5001085
:100ED0000A000100020003000400050006000700EC
:100EE000080009000A000B000C000D000E000F00A6
:100EF000100000000000000070C50010DCC40010ED
:100F0000DCC40010DCC40010DCC40010DCC4001021
:100F1000DCC40010DCC40010DCC400105EC500108E
:100F20005EC500105EC500105EC500105EC50010F5
:100F3000DCC40010DCC40010DCC40010DCC40010F1
:100F4000DCC40010DCC40010DCC40010DCC40010E1
:100F5000DCC40010DCC40010DCC40010DCC40010D1
:100F6000DCC40010DCC40010DCC40010DCC40010C1
:100F7000DCC40010DCC400105EC50010DCC400102E
:100F8000DCC40010DCC40010DCC40010DCC40010A1
:100F9000DCC40010DCC40010DCC40010DCC4001091
:100FA000DCC4001062C50010DCC40010E6CC0010E8
:100FB00030D3001034D0001086D0001080D0001044
:100FC0006CD0001034D0001035000000CEFBFFFFC5
:100FD000CB0300000100000000000000340000000E
:100FE000CEFBFFFFCB03000001000000000000006B
:100FF000BC89D897B2D29C3C33A7A8D523F64939EF
:101000003DA7F444FD0FA5329D978CCF08BA5B2510
:10101000436FAC6428066811000000000000000067
:1010200000000000000000000000000000000000C0
:1010300000000000000000000000000000000000B0
:101040000000000000000000101112131415161704
:101050001819000000000000001A1B1C1D1E1F00B4
:101060000000000000000000000000000000000080
:101070000000000000000000001A1B1C1D1E1F00C5
:101080000000000000000000000000000000000060
:101090000000000000000000000000000000000050
:1010A0000000000000000000000000000000000040
:1010B0000000000000000000000000000000000030
:1010C0000000000000000000000000000000000020
:1010D0000000000000000000000000000000000010
:1010E0000000000000000000000000000000000000
:1010F00000000000000000000000000000000000F0
:1011000000000000000000000000000000000000DF
:1011100000000000000000000500000019000000B1
:101120007D00000000000000BC89D897B2D29C3C32
:1011300033A7A8D523F649393DA7F444FD0FA532BE
:101140009D978CCF08BA5B25436FAC642806C80A0C
:101150000080E03779C34143176E05B5B5B89346B3
:10116000F5F93FE9034F384D321D30F94877825A7F
:101170003CBF737FDD4F1575000000000000F03F9D
:101180000000000000002440000000000000594062
:101190000000000000408F40000000000088C340B5
:1011A00000000000006AF8400000000080842E412A
:1011B00000000000D01263410000000084D7974176
:1011C0000000000065CDCD41000000205FA002427C
:1011D000000000E876483742000000A2941A6D42F1
:1011E000000040E59C30A2420000901EC4BCD642E4
:1011F00000003426F56B0C430080E03779C341438F
:1012000000A0D8855734764300C84E676DC1AB4304
:10121000003D9160E458E143408CB5781DAF154422
:1012200050EFE2D6E41A4B4492D54D06CFF08044FD
:10123000F64AE1C7022DB544B49DD9794378EA4412
:10124000D0FE0010DCFE0010E8FE0010F4FE0010DE
:1012500000FF00100CFF001018FF0010000201102A
:1012600003000068EFF3108C72B60268002AFCD00D
:10127000BFF35F8F04229A56002A04DB002900D0B6
:101280000A60002004E0D0220120120612681A71C0
:101290001B68BFF35F8F00221A608CF310887047C1
:1012A000F0B5C646150000B504001E000268EFF355
:1012B000108172B61368002BFCD0BFF35F8F04233C
:1012C000E356002B2DDB2268BFF35F8F00201060F8
:1012D00081F31088D0221206127852B290469A42B8
:1012E00003D1002080BCB846F0BD00270BE0236886
:1012F000BFF35F8F1F6081F310882800310000F07A
:10130000D7FE0028EDD12268EFF3108172B6136882
:10131000002BFCD0BFF35F8F23797F2BE7D94346A7
:1013200002E0D0231B061B6823712368BFF35F8F85
:1013300000221A6081F310880120D3E7F0B5C64679
:1013400000B50D00040000F09BFEFA2206000F001D
:10135000002328000021920000F09AFE8023361816
:101360004F411B069F4202D30126174F7642D023DE
:101370001B061B68002598460BE02368BFF35F8FB0
:101380001D6081F310883000390000F091FE0028C4
:1013900018D12268EFF3108172B61368002BFCD0CD
:1013A000BFF35F8F23797F2BE7D9434623712368EF
:1013B000BFF35F8F00221A6081F31088012080BC88
:1013C000B846F0BD0020FAE7FFFFFF7F0268EFF3A9
:1013D000108172B61368002BFCD0BFF35F8FFF2320
:1013E00003710368BFF35F8F00221A6081F31088D6
:1013F00040BF704710B5084C2378002B0AD18023DA
:10140000064807495B051A68C25004338B42FAD17B
:101410000123237010BDC0466C2900204423001016
:101420000001001010B5014B984710BD4523002066
:10143000034B1A68C0239B009343024A1360704712
:101440000C8001400C900140054B1A6880239B00E2
:101450005340C02292001340024A13607047C046B6
:101460000C8001400C9001401423F0B5D6464F4645
:1014700046469A46814618880433C0B598460E0001
:101480001B8826491400984753460700188843468E
:1014900023491B889847534605001888434621492D
:1014A0001B8898478046FFF7A5FFB847A847FFF776
:1014B000CBFF221E20D0C02108270220490511E0C1
:1014C000002C14D0131B0D2B20D9002D0AD0230083
:1014D000002A05D00B6E013A337013000136234306
:1014E000002B09D03D008B6A1D401842E8D1002D29
:1014F000EDD123001343F5D1FFF79AFFC047FFF763
:1015000091FFE0BCBA46B146A846F0BD4B461B78F9
:10151000013C0B6601239C46E144E8E74946000094
:1015200045580000464300000022154B10B59A6054
:10153000DA601A615A619A61DA611A625A629A62D1
:10154000DA621A635A639A63DA631A645A649A64B1
:10155000DA641A655A659A65DA651A665A669A6691
:10156000DA661A675A679A67DA67F03292000021E2
:10157000044800F0A5FD044B044A1A6010BDC046A3
:1015800000001050F4240020BC28002080011050DE
:10159000F0B54E464546DE465746E0B5214B0024A1
:1015A0009E6D012585B0002E22D01F4B9A46012347
:1015B00099461E4B984601E0202C19D02A002300A2
:1015C00001342F003240E4B26D00002AF4D05246BC
:1015D00097654A465B085B0022409B185B014344C9
:1015E00018009B4600F030FC002808D1BE43E3D130
:1015F00005B0F0BCBB46B246A946A046F0BD5B466E
:10160000E0219A78DB8A01A883600023C900018069
:1016100001210271437100F037FC584600F0B0FB25
:10162000E4E7C0460000115000301150B4240020FF
:101630009823F0B5C646C64A00B5D55880232E007B
:101640009B02102484B01E401D4273D0C14BC24C7B
:101650009A6AC24B00261A603B23E35C022B00D13E
:10166000F4E07B23E35C022B00D10CE1BB23E35CC1
:10167000022B00D1FBE0FB23E35C022B00D135E120
:101680003C23FF33E35C022B00D122E17C23FF33B8
:10169000E35C022B00D10FE1BC23FF33E35C022BA0
:1016A00000D1FCE0FC23FF33E35C022B00D1A6E178
:1016B000AB4BE35C022B00D196E1AA4BE35C022B1F
:1016C00000D185E1A84BE35C022B00D174E1A74B6C
:1016D000E35C022B00D163E1A54BE35C022B00D15C
:1016E0002AE1A44BE35C022B00D10BE1A24BE35CAB
:1016F000022B00D18FE1A14BE35C022B00D1A6E1CC
:10170000002E08D19E4B1B78002B04D180219D4ACE
:1017100090338902D150C0228D4B01A89B6C92005E
:101720005B055B0D012180260280436000F0ACFB6D
:10173000954CB602EB0600D57CE080235B021D428F
:1017400032D01E43012302249846834FBB7E002BD8
:1017500014D000F08DFC012800D96FE0C0220021D8
:101760003800920100F012FB380000F009FB00F095
:101770007FFC012802D9834B5C661C664346FB70E4
:101780002037012C01D00124E0E7C02301A8DB00B1
:101790007E4A038002AB12CA12C3012100F074FB1F
:1017A0008022784B92021A6580235B011D420ED184
:1017B0008023DB011D4221D180231B021D422CD13D
:1017C000AE4200D0C0E104B080BCB846F0BD0024F9
:1017D0001E435F4B1C60FFF7A7FE80236A465B0039
:1017E00093801472012101A800F04EFB8022654B0A
:1017F00012031A658023DB011D42DDD01E438023C6
:1018000001A8DB000380012100F03EFB10225D4BAC
:101810001A6580231B021D42D2D01E43A02301A8BB
:10182000DB000380012100F02FFB8022554B1201C9
:101830001A65C5E7FFF7ACFE26007EE7544B444A25
:101840001C66536E2340A342FBD187E73833E65C26
:10185000002E00D105E70233E25C002A00D100E748
:10186000200000222030E25400F0B8FAF9E6B83344
:10187000E75C002F00D1FEE60233E25C002A00D0D4
:1018800022E13E00F7E67833E75C002F00D1EDE679
:101890000233E25C002A00D00EE13E00E6E6B933F6
:1018A000FF33E75C002F00D1FCE60233E25C002A44
:1018B00000D0F8E03E00F5E67933FF33E75C002F17
:1018C00000D1E9E60233E25C002A00D0E2E03E000B
:1018D000E2E63933FF33E75C002F00D1D6E602336E
:1018E000E25C002A00D0CCE03E00CFE6F833E75CB3
:1018F000002F00D1C4E60233E25C002A00D0B8E039
:101900003E00BDE6234BE75C002F00D1EEE602333C
:10191000E25C002A00D010E1174BE35C022B00D1FF
:101920008BE0164BE35C022B00D0F4E61A4BE35C31
:10193000002B00D090E0EEE6184BE75C002F00D1C2
:10194000CFE60233E25C002A00D0EEE03E00C8E6BB
:101950000000115000400540B4240020A8240020BD
:101960003B0200007B020000BB020000FB02000003
:101970003B0300007B030000BB030000FB030000EF
:101980006A290020003011501000020000001050A1
:10199000002011507A030000FA0300003A0300000F
:1019A0006C4BE75C002F00D196E60233E25C002A24
:1019B00000D0B2E03E008FE6674BE75C002F00D11D
:1019C00085E60233E25C002A00D09EE03E007EE61F
:1019D000624BE75C002F00D174E60233E25C002A20
:1019E00000D08AE03E006DE65D4BE75C002F00D141
:1019F00063E60233E25C002A77D13E005DE6F9330C
:101A0000FF33E75C002F00D152E60233E25C002A8C
:101A100062D13E004CE6534BE35C002B00D16AE6FA
:101A2000EF239B00E25C002A00D17AE70022E25417
:101A30001C3BE01800F0D2F973E74A4BE35C002B43
:101A4000EED1494BE35C022B00D064E63E00474BED
:101A5000E35C002B00D153E6FF239B00E25C002AED
:101A600000D158E60022E2541C3BE01800F0B6F921
:101A700051E620000022E030E2543E0000F0AEF9D2
:101A8000FEE5200000222130FF30E2543E0000F04D
:101A9000A5F9FBE5200000226130FF30E2543E0052
:101AA00000F09CF9F8E520000022A130FF30E2545C
:101AB0003E0000F093F9F5E5200000226030E2548A
:101AC0003E0000F08BF9D1E520000022A030E25466
:101AD0003E0000F083F9CEE520000022E130FF3027
:101AE000E2543E0000F07AF9E2E50022E2541C3BA9
:101AF000E01800F073F93E00DFE50022E2541C3BE1
:101B0000E01800F06BF93E00DCE50022E2541C3BDB
:101B1000E01800F063F93E00D9E50022E2541C3BD6
:101B2000E01800F05BF93E00D6E50022E2541C3BD1
:101B3000E01800F053F93E00D3E50022E2541C3BCC
:101B4000E01800F04BF9E7E631000948694000F081
:101B5000A7FAC046FA020000BA0200007A020000AA
:101B60003A020000BA030000FB030000FA03000081
:101B700008FB0010F0B5D6464F464646C0B50200F9
:101B8000838A008B8A46041C984200D91C1CD57895
:101B900080262800471EB841A4B2F6002643400321
:101BA0003043012675401B1BD57055789BB293823C
:101BB000002D37D15146D6688D01611E76198846B1
:101BC0001569002C29D006293AD933002B439B07ED
:101BD00036D16B1CF31A022B32D9231F9B08013319
:101BE0009C4600270023E9580137F1500433BC45D7
:101BF000F9D8634641469B00ED18F618CF1A9C426F
:101C000009D02B783370002F05D06B787370012FBB
:101C100001D0AB78B3701569938A2D1915618022B4
:101C200012021043002B02D18023DB0118435346DC
:101C3000002B00D00004E0BCBA46B146A846F0BD77
:101C40000023EF5CF75401339C42FAD11569938A63
:101C5000E3E7C0468368F0B51B680500002900D0A3
:101C60001B0C9B05980D6B78002B08D1EB8AC318D1
:101C7000EB822B8B834201D90023AB82F0BDEB6852
:101C80008901461EB4462A695C18002827D0062E12
:101C90002BD901315B18D31A022B26D91300234309
:101CA0009B0722D100230021061FB6080136E75802
:101CB0000131D75004338E42F9D86346B600A419D7
:101CC00092199F1BB04209D023781370002F05D0C2
:101CD00063785370012F01D0A37893702A69EB8A3F
:101CE0001218C318EB822A61C3E70023E15CD154C8
:101CF00001339842FAD12A69F1E7C04610B50400D1
:101D0000836800211B68FFF7A5FF63681B685B0001
:101D100002D5238B834200D010BD01212000FFF7A4
:101D200099FFF9E7084A0300126C0020920703D4D8
:101D30009A78D209012A00D07047D87E02384342EF
:101D40005841C0B2F8E7C0460000115010B5FFF787
:101D5000E9FF00280CD00749074B8C46074A9B6ACD
:101D6000126863449B1A0020C6229A424041C0B2C6
:101D700010BDC046E0FCFFFF00400540A824002045
:101D800000238376436103617047C04610B58368C2
:101D9000002901D01C682140002A12D08024E400D0
:101DA000114322420DD01A6822420CD1084A0A403F
:101DB0001A60084A126C920703D40C23033BFDD22D
:101DC0008368196010BD8178034800F069F9C04646
:101DD000FFFBFFFF000011501CFB0010436870B5B3
:101DE000002180251E680400FFF7C4FE134B6D011F
:101DF0001B6C05439B070FD5A3785B060FD0104BD8
:101E00001E4080239B05334362680021136020003D
:101E10002A00FFF7BBFF70BDA378DB09EFD0A38AD0
:101E2000002BECD001212000FFF7A4FEA023054ADF
:101E3000DB05324005431343E6E7C046000011507E
:101E4000FFFFFFAFFFFFFFDF70B5857E0400002DB1
:101E500014D0FFF753FFA38A002B01D1280070BDD7
:101E60002000FFF773FF002803D00123002523770C
:101E7000F4E72000FFF7B2FF0025EFE78178014883
:101E800000F00EF93CFB0010F0B5CE46474680B599
:101E9000437805000E0085B0062B08D86C4A9B00DD
:101EA000D3589F466B4A13780133DBB213706A4BE9
:101EB0001C686269EFF3108172B61368002BFCD0C6
:101EC000BFF35F8FA1612000290000F001F9626972
:101ED000A369BFF35F8F0021116083F3108800288E
:101EE00004D105B0C0BCB946B046F0BD3200697837
:101EF000287800F0F5F8F4E70121584B1A788A4366
:101F00001A701A7801318A431A7000225A701A78AE
:101F100002318A431A70CAE75149524F89465249E1
:101F20000024002388463A7812E043461B6861018A
:101F30005B18002B06D0DB69002B03D0696828787A
:101F400098473A780134E4B2511C2300A14217DBD0
:101F5000A242EAD89B1A5B014B44ECE73F4B1A784C
:101F6000D207BED504211A780A431A709FE73B4B6B
:101F70001A78D207B5D504211A788A431A7096E7E1
:101F8000364F3B785B072BD504223B7800219343E7
:101F90003B706B460632981D00F092F82B7801AC2E
:101FA0002370052363702C4B1B6898465A69EFF326
:101FB000108172B61368002BFCD0BFF35F8F4346CD
:101FC00040469961210000F083F843465A699B69B5
:101FD000BFF35F8F0021116083F31088002831D197
:101FE000FB78DB0700D47CE76B460A220021981DB2
:101FF00000F066F82B7801AC2370032363706B68E4
:102000006360154B1D686A69EFF3108172B613683F
:10201000002BFCD0BFF35F8FA9612800210000F0E6
:1020200057F86A69AB69BFF35F8F0021116083F3D2
:102030001088002800D154E732006178207800F041
:102040004FF84EE732006178207800F049F8C7E792
:10205000180301106B290020B41F00205C1F002012
:102060003403011069290020AC1D00207047C046D0
:1020700001B40248844601BC604700BFF50A001065
:1020800001B40248844601BC604700BF0919001032
:1020900001B40248844601BC604700BF852D001092
:1020A00001B40248844601BC604700BF010B001028
:1020B00001B40248844601BC604700BFED17001020
:1020C00001B40248844601BC604700BFF52E0010F1
:1020D00001B40248844601BC604700BF2972001069
:1020E00001B40248844601BC604700BFA5570010F8
:1020F00010000000000000000000010000000000CF
:1021000000000000000002000000000000000000CD
:102110000000030000000000000000000000FF00BD
:102120000000000001B5486801318E460047704646
:1021300009380149884701BD450F00100000000023
:10214000000000000000000000000000000000008F
:10215000D016002000000000000000000000000079
:10216000503300004C330000543300005233000061
:102170004D5300004D430000533400004334000031
:10218000614F0010114F0010814E0010F94D0010EA
:102190000000000000010000B81F002010000C002B
:1021A000000000000000000000000000000000002F
:1021B00000000000FF0000002010002000000000D0
:1021C00000000000DC1A0020441B0020AC1B002093
:1021D00000000000000000000000000000000000FF
:1021E00000000000000000000000000000000000EF
:1021F00000000000000000000000000000000000DF
:1022000000000000000000000000000000000000CE
:1022100000000000000000000000000000000000BE
:1022200000000000000000000000000000000000AE
:10223000000000000000000000000000000000009E
:10224000000000000000000000000000000000008E
:10225000000000000000000001000000000000007D
:102260000E33CDAB34126DE6ECDE05000B00000042
:10227000000000000000000000000000000000005E
:10228000000000000000000000000000000000004E
:10229000000000000000000000000000000000003E
:1022A000000000000000000000000000000000002E
:1022B000000000000000000000000000000000001E
:1022C000000000000000000000000000000000000E
:1022D00000000000000000000000000000000000FE
:1022E000FFFFFFFF000002000000000000000000F0
:1022F00048110020481100205011002050110020EA
:102300005811002058110020601100206011002099
:102310006811002068110020701100207011002049
:1023200078110020781100208011002080110020F9
:1023300088110020881100209011002090110020A9
:102340009811002098110020A0110020A011002059
:10235000A8110020A8110020B0110020B011002009
:10236000B8110020B8110020C0110020C0110020B9
:10237000C8110020C8110020D0110020D011002069
:10238000D8110020D8110020E0110020E011002019
:10239000E8110020E8110020F0110020F0110020C9
:1023A000F8110020F8110020001200200012002077
:1023B0000812002008120020101200201012002025
:1023C00018120020181200202012002020120020D5
:1023D0002812002028120020301200203012002085
:1023E0003812002038120020401200204012002035
:1023F00048120020481200205012002050120020E5
:102400005812002058120020601200206012002094
:102410006812002068120020701200207012002044
:1024200078120020781200208012002080120020F4
:1024300088120020881200209012002090120020A4
:102440009812002098120020A0120020A012002054
:10245000A8120020A8120020B0120020B012002004
:10246000B8120020B8120020C0120020C0120020B4
:10247000C8120020C8120020D0120020D012002064
:10248000D8120020D8120020E0120020E012002014
:10249000E8120020E8120020F0120020F0120020C4
:1024A000F8120020F8120020001300200013002072
:1024B0000813002008130020101300201013002020
:1024C00018130020181300202013002020130020D0
:1024D0002813002028130020301300203013002080
:1024E0003813002038130020401300204013002030
:1024F00048130020481300205013002050130020E0
:10250000581300205813002060130020601300208F
:10251000681300206813002070130020701300203F
:1025200078130020781300208013002080130020EF
:10253000881300208813002090130020901300209F
:102540009813002098130020A0130020A01300204F
:10255000A8130020A8130020B0130020B0130020FF
:10256000B8130020B8130020C0130020C0130020AF
:10257000C8130020C8130020D0130020D01300205F
:10258000D8130020D8130020E0130020E01300200F
:10259000E8130020E8130020F0130020F0130020BF
:1025A000F8130020F813002000140020001400206D
:1025B000081400200814002010140020101400201B
:1025C00018140020181400202014002020140020CB
:1025D000281400202814002030140020301400207B
:1025E000381400203814002040140020401400202B
:1025F00048140020481400205014002050140020DB
:10260000581400205814002060140020601400208A
:10261000681400206814002070140020701400203A
:1026200078140020781400208014002080140020EA
:10263000881400208814002090140020901400209A
:102640009814002098140020A0140020A01400204A
:10265000A8140020A8140020B0140020B0140020FA
:10266000B8140020B8140020C0140020C0140020AA
:10267000C8140020C8140020D0140020D01400205A
:10268000D8140020D8140020E0140020E01400200A
:10269000E8140020E8140020F0140020F0140020BA
:1026A000F8140020F8140020001500200015002068
:1026B0000815002008150020101500201015002016
:1026C00018150020181500202015002020150020C6
:1026D0002815002028150020301500203015002076
:1026E0003815002038150020401500204015002026
:1026F0000000000003000000DC1A0020430000007E
:1027000000000000000000000000000000000000C9
:102710000000000000000000000000004300000076
:1027200000000000000000000000000000000000A9
:102730000000000000000000000000004300000056
:102740000000000000000000000000000000000089
:102750000000000000000000000000004300000036
:102760000000000000000000000000000000000069
:102770000000000000000000000000004300000016
:102780000000000000000000000000000000000049
:1027900000000000000000000000000043000000F6
:1027A0000000000000000000000000000000000029
:1027B00000000000000000000000000043000000D6
:1027C0000000000000000000000000000000000009
:1027D000000000000000000000000000C1E3001045
:1027E00075DF0010000000005C07011054F70010B6
:1027F000F0F40010F0F40010F0F40010F0F4001009
:10280000F0F40010F0F40010F0F40010F0F40010F8
:10281000F0F40010FFFFFFFFFFFFFFFFFFFFFFFFD0
:10282000FFFF000001004153434949000000000040
:102830000000000000000000000000000000000098
:10284000000000000000415343494900000000001F
:102850000000000000000000000000000000000078
:102860000000000000000000000000000000000068
:04000005100001E9FD
:00000001FF
